date,open,high,close,low,volume,price_change,p_change,ma5,ma10,ma20,v_ma5,v_ma10,v_ma20,turnover
2023-05-22,13.13,13.42,13.38,13.03,117211.14,0.25,1.9,13.37,13.593,13.928,125406.91,124925.04,156892.77,0.35
2023-05-19,13.2,13.25,13.13,12.99,153192.66,-0.07,-0.53,13.416,13.678,14.049,128859.18,128078.54,160419.3,0.46
2023-05-18,13.59,13.71,13.2,13.15,147922.58,-0.32,-2.37,13.492,13.818,14.209,128159.01,125703.65,160413.47,0.44
2023-05-17,13.58,13.63,13.52,13.37,101815.08,-0.1,-0.73,13.646,13.939,14.368,117927.56,126945.87,168867.84,0.3
2023-05-16,13.62,13.79,13.62,13.57,106893.07,0.01,0.07,13.734,14.006,14.478,117872.84,129021.7,173482.78,0.32
2023-05-15,13.51,13.75,13.61,13.39,134472.5,0.1,0.74,13.816,14.034,14.581,124443.17,129804.32,174212.15,0.4
2023-05-12,14.02,14.02,13.51,13.46,149691.84,-0.46,-3.29,13.94,14.069,14.686,127297.9,129046.61,175519.68,0.45
2023-05-11,14.01,14.07,13.97,13.75,96765.3,0.01,0.07,14.144,14.116,14.817,123248.29,128898.06,174715.83,0.29
2023-05-10,13.97,14.18,13.96,13.84,101541.51,-0.07,-0.5,14.232,14.12,14.913,135964.18,161675.2,177486.54,0.3
2023-05-09,14.24,14.3,14.03,13.91,139744.69,-0.2,-1.41,14.278,14.182,15.019,140170.55,168216.9,177402.08,0.42
2023-05-08,14.66,14.81,14.23,14.15,148746.16,-0.3,-2.06,14.252,14.263,15.112,135165.47,188860.5,176337.51,0.44
2023-05-05,14.36,14.61,14.53,14.25,129443.77,0.12,0.83,14.198,14.419,15.18,130795.32,192760.06,177214.22,0.38
2023-05-04,14.17,14.55,14.41,13.91,160344.75,0.22,1.55,14.088,14.6,15.249,134547.84,195123.3,179456.63,0.48
2023-04-28,13.9,14.21,14.19,13.83,122573.38,0.29,2.09,14.008,14.796,15.329,187386.23,210789.8,185032.28,0.36
2023-04-27,13.86,14.08,13.9,13.72,114719.28,-0.06,-0.43,14.086,14.95,15.394,196263.25,217943.87,189210.47,0.34
2023-04-26,14.0,14.24,13.96,13.82,126895.4,-0.02,-0.14,14.274,15.128,15.474,242555.53,218619.98,191802.99,0.38
2023-04-25,14.22,14.37,13.98,13.88,148206.38,-0.03,-0.21,14.64,15.302,15.569,254724.81,221992.75,198513.83,0.44
2023-04-24,14.58,14.6,14.01,13.63,424536.69,-0.57,-3.91,15.112,15.518,15.653,255698.76,220533.6,200128.23,1.26
2023-04-21,14.92,14.95,14.58,14.55,166958.48,-0.26,-1.75,15.584,15.706,15.746,234193.38,193297.89,185492.07,0.5
2023-04-20,15.72,15.77,14.84,14.63,346180.69,-0.95,-6.02,15.814,15.855,15.805,239624.49,186587.26,184601.73,1.03
2023-04-19,16.31,16.31,15.79,15.73,187741.8,-0.55,-3.37,15.982,15.96,15.845,194684.44,163814.53,175714.92,0.56
2023-04-18,16.4,16.59,16.34,16.2,153076.12,-0.03,-0.18,15.964,15.94,15.851,189260.69,161668.37,171660.76,0.46
2023-04-17,15.65,16.44,16.37,15.65,317009.81,0.64,4.07,15.924,15.898,15.811,185368.44,163789.97,168913.73,0.94
2023-04-14,15.73,16.05,15.73,15.67,194114.02,0.05,0.32,15.828,15.861,15.771,152402.39,159274.75,162410.77,0.58
2023-04-13,15.7,15.85,15.68,15.56,121480.43,-0.02,-0.13,15.896,15.837,15.774,133550.03,160477.07,158484.61,0.36
2023-04-12,16.13,16.18,15.7,15.66,160623.05,-0.44,-2.73,15.938,15.82,15.8,132944.62,164985.99,160127.13,0.48
2023-04-11,15.86,16.2,16.14,15.83,133614.88,0.25,1.57,15.916,15.836,15.804,134076.06,175034.92,158796.02,0.4
2023-04-10,16.1,16.23,15.89,15.68,152179.59,-0.18,-1.12,15.872,15.788,15.805,142211.49,179722.87,158508.79,0.45
2023-04-07,15.91,16.16,16.07,15.81,99852.2,0.18,1.13,15.894,15.786,15.814,166147.11,177686.26,160017.6,0.3
2023-04-06,15.5,15.98,15.89,15.41,118453.37,0.3,1.92,15.778,15.754,15.837,187404.11,182616.2,163194.91,0.35
2023-04-04,15.92,16.0,15.59,15.4,166280.25,-0.33,-2.07,15.702,15.73,15.856,197027.37,187615.32,171096.72,0.49
2023-04-03,16.0,16.22,15.92,15.81,174292.06,-0.08,-0.5,15.756,15.762,15.898,215993.78,181653.16,174086.61,0.52
2023-03-31,15.52,16.36,16.0,15.52,271857.69,0.51,3.29,15.704,15.724,15.947,217234.24,174037.49,177057.33,0.81
2023-03-30,15.51,15.56,15.49,15.11,206137.16,-0.02,-0.13,15.678,15.68,16.008,189225.41,165546.79,168070.91,0.61
2023-03-29,15.92,16.07,15.51,15.45,166569.69,-0.35,-2.21,15.73,15.711,16.1,177828.29,156492.15,166344.6,0.5
2023-03-28,16.3,16.49,15.86,15.78,261112.28,0.2,1.28,15.758,15.779,16.205,178203.26,155268.26,164671.27,0.78
2023-03-27,15.8,15.92,15.66,15.44,180494.36,-0.21,-1.32,15.768,15.771,16.283,147312.54,142557.13,161202.88,0.54
2023-03-24,15.71,16.05,15.87,15.58,131813.56,0.12,0.76,15.744,15.822,16.376,130840.74,137294.71,161003.93,0.39
2023-03-23,15.72,15.98,15.75,15.48,149151.56,0.1,0.64,15.682,15.841,16.473,141868.18,142348.94,163426.85,0.44
2023-03-22,15.95,16.29,15.65,15.58,168444.56,-0.26,-1.63,15.692,15.92,16.585,135156.0,143773.61,167286.8,0.5
2023-03-21,15.45,15.94,15.91,15.45,106658.65,0.37,2.38,15.8,15.981,16.739,132333.25,154578.12,171463.82,0.32
2023-03-20,15.54,15.64,15.54,15.32,98135.38,-0.02,-0.13,15.774,16.034,16.871,137801.71,166520.06,183084.27,0.29
2023-03-17,15.89,15.98,15.56,15.43,186950.73,-0.24,-1.52,15.9,16.17,16.99,143748.67,180077.17,190276.44,0.56
2023-03-16,16.01,16.19,15.8,15.69,115590.7,-0.39,-2.41,16.0,16.336,17.09,142829.7,170595.03,191418.8,0.34
2023-03-15,15.78,16.29,16.19,15.78,154330.81,0.41,2.6,16.148,16.488,17.169,152391.22,176197.05,195740.11,0.46
2023-03-14,16.16,16.2,15.78,15.67,134000.94,-0.39,-2.41,16.162,16.631,17.252,176822.99,174074.28,196618.3,0.4
2023-03-13,16.02,16.39,16.17,15.99,127870.19,0.11,0.69,16.294,16.794,17.363,195238.42,179848.63,201292.05,0.38
2023-03-10,16.42,16.42,16.06,15.96,182355.88,-0.48,-2.9,16.44,16.93,17.449,216405.66,184713.15,203383.85,0.54
2023-03-09,16.36,16.66,16.54,16.08,163398.3,0.28,1.72,16.672,17.104,17.533,198360.35,184504.76,200906.81,0.49
2023-03-08,16.37,16.37,16.26,15.88,276489.66,-0.18,-1.09,16.828,17.25,17.595,200002.88,190799.99,201825.16,0.82
2023-03-07,17.01,17.1,16.44,16.4,226078.05,-0.46,-2.72,17.1,17.497,17.664,171325.57,188349.52,195011.81,0.67
2023-03-06,17.16,17.25,16.9,16.6,233706.41,-0.32,-1.86,17.294,17.708,17.721,164458.85,199648.47,191185.22,0.69
2023-03-03,17.32,17.43,17.22,17.15,92129.35,-0.1,-0.58,17.42,17.81,17.758,153020.65,200475.71,194087.32,0.27
2023-03-02,17.58,17.67,17.32,17.2,171610.92,-0.3,-1.7,17.536,17.844,17.802,170649.17,212242.57,206157.36,0.51
2023-03-01,17.39,17.64,17.62,17.26,133103.14,0.21,1.21,17.672,17.85,17.866,181597.09,215283.18,211458.69,0.4
2023-02-28,17.78,17.79,17.41,17.16,191744.41,-0.12,-0.69,17.894,17.873,17.894,205373.46,219162.31,217026.15,0.57
2023-02-27,17.69,17.99,17.53,17.45,176515.42,-0.27,-1.52,18.122,17.931,17.909,234838.09,222735.47,217336.61,0.52
2023-02-24,18.05,18.14,17.8,17.6,180271.95,-0.2,-1.11,18.2,17.968,17.924,247930.76,222054.55,218589.3,0.54
2023-02-23,18.6,18.85,18.0,17.94,226350.55,-0.73,-3.9,18.152,17.961,17.923,253835.96,217308.87,220474.14,0.67
2023-02-22,18.37,18.97,18.73,18.31,251984.98,0.18,0.97,18.028,17.94,17.903,248969.26,212850.33,229676.49,0.75
2023-02-21,18.09,18.81,18.55,17.92,339067.53,0.63,3.52,17.852,17.831,17.794,232951.16,201674.11,224492.72,1.01
2023-02-20,17.69,18.04,17.92,17.3,241978.8,0.36,2.05,17.74,17.734,17.695,210632.85,182721.98,217281.03,0.72
2023-02-17,17.38,17.83,17.56,17.36,209797.95,0.18,1.04,17.736,17.706,17.606,196178.33,187698.94,216209.63,0.62
2023-02-16,17.77,17.91,17.38,17.28,202017.02,-0.47,-2.63,17.77,17.759,17.52,180781.77,200072.15,216087.52,0.6
2023-02-15,18.02,18.13,17.85,17.65,171894.52,-0.14,-0.78,17.852,17.881,17.451,176731.4,207634.21,214183.01,0.51
2023-02-14,17.86,18.35,17.99,17.7,227475.98,0.09,0.5,17.81,17.914,17.356,170397.05,214889.98,214730.0,0.68
2023-02-13,17.71,17.99,17.9,17.6,169706.19,0.17,0.96,17.728,17.886,17.261,154811.1,211937.75,213802.88,0.5
2023-02-10,17.66,17.87,17.73,17.53,132815.14,-0.06,-0.34,17.676,17.879,17.197,179219.55,215124.06,219543.87,0.39
2023-02-09,17.55,18.07,17.79,17.53,181765.16,0.15,0.85,17.748,17.885,17.131,219362.53,223639.42,232928.35,0.54
2023-02-08,17.68,17.9,17.64,17.58,140222.8,0.06,0.34,17.91,17.865,17.022,238537.02,246502.65,231404.6,0.42
2023-02-07,17.72,18.0,17.58,17.49,149546.2,-0.06,-0.34,18.018,17.756,16.914,259382.9,247311.34,234696.1,0.44
2023-02-06,17.92,18.15,17.64,17.46,291748.47,-0.45,-2.49,18.044,17.655,16.8,269064.41,251840.08,239476.06,0.87
2023-02-03,18.63,18.75,18.09,17.78,333530.03,-0.51,-2.74,18.082,17.506,16.693,251028.56,244720.31,235830.05,0.99
2023-02-02,18.22,18.83,18.6,18.08,277637.62,0.42,2.31,18.022,17.281,16.555,227916.31,232102.89,228677.77,0.83
2023-02-01,17.7,18.23,18.18,17.62,244452.2,0.47,2.65,17.82,17.021,16.381,254468.27,220731.8,224901.42,0.73
2023-01-31,17.8,18.25,17.71,17.69,197953.72,-0.12,-0.67,17.494,16.798,16.231,235239.77,214570.02,222151.17,0.59
2023-01-30,18.02,18.08,17.83,17.64,201569.23,0.04,0.23,17.266,16.636,16.075,234615.75,215668.02,219737.75,0.6
2023-01-20,17.54,17.82,17.79,17.46,217968.77,0.2,1.14,16.93,16.515,15.898,238412.06,223963.68,218903.79,0.65
2023-01-19,16.5,17.69,17.59,16.45,410397.44,1.04,6.28,16.54,16.377,15.758,236289.47,242217.29,215213.45,1.22
2023-01-18,16.56,16.76,16.55,16.4,148309.69,-0.02,-0.12,16.222,16.179,15.623,186995.33,216306.56,201278.85,0.44
2023-01-17,16.25,16.58,16.57,16.1,194833.64,0.42,2.6,16.102,16.071,15.539,193900.26,222080.86,200079.33,0.58
2023-01-16,15.87,16.39,16.15,15.76,220550.78,0.31,1.96,16.006,15.944,15.462,196720.28,227112.03,198198.74,0.66
2023-01-13,16.04,16.09,15.84,15.7,207355.81,-0.16,-1.0,16.1,15.879,15.426,209515.3,226939.78,200041.91,0.62
2023-01-12,15.91,16.07,16.0,15.85,163926.73,0.05,0.31,16.214,15.829,15.385,248145.1,225252.65,198213.27,0.49
2023-01-11,16.04,16.19,15.95,15.83,182834.34,-0.14,-0.87,16.136,15.741,15.346,245617.78,229071.04,195305.32,0.54
2023-01-10,16.57,16.6,16.09,16.07,208933.72,-0.53,-3.19,16.04,15.664,15.312,250261.45,229732.33,194404.3,0.62
2023-01-09,16.45,16.77,16.62,16.13,284525.88,0.21,1.28,15.882,15.514,15.271,257503.78,223807.49,192931.36,0.85
2023-01-06,15.72,16.62,16.41,15.69,400504.84,0.8,5.12,15.658,15.28,15.225,244364.27,213843.91,188241.46,1.19
2023-01-05,15.45,15.85,15.61,15.35,151290.12,0.14,0.91,15.444,15.138,15.169,202360.2,188209.62,177129.99,0.45
2023-01-04,15.35,15.73,15.47,15.2,206052.69,0.17,1.11,15.346,15.067,15.157,212524.29,186251.14,181525.16,0.61
2023-01-03,15.3,15.64,15.3,14.88,245145.38,-0.2,-1.29,15.288,15.006,15.174,209203.21,178077.8,185740.21,0.73
2022-12-30,15.41,15.69,15.5,15.29,218828.3,0.16,1.04,15.146,14.979,15.2,190111.19,169285.45,191357.41,0.65
2022-12-29,15.02,15.45,15.34,14.84,190484.52,0.22,1.46,14.902,14.973,15.176,183323.54,173144.03,192251.6,0.57
2022-12-28,15.2,15.29,15.12,14.8,202110.56,-0.06,-0.4,14.832,14.941,15.167,174059.03,171173.88,198888.39,0.6
2022-12-27,14.6,15.36,15.18,14.59,189447.28,0.59,4.04,14.788,14.951,15.138,159977.99,161539.61,201652.74,0.56
2022-12-26,14.26,14.65,14.59,14.16,149685.31,0.31,2.17,14.724,14.959,15.089,146952.39,159076.26,202782.84,0.45
2022-12-23,14.81,14.87,14.28,14.25,184890.05,-0.71,-4.74,14.812,15.027,15.047,148459.7,162055.24,202429.29,0.55
2022-12-22,14.9,15.16,14.99,14.83,144161.97,0.09,0.6,15.044,15.169,15.042,162964.52,162639.02,200149.44,0.43
2022-12-21,14.8,15.09,14.9,14.64,131705.36,0.04,0.27,15.05,15.2,14.996,168288.73,166050.37,196710.28,0.39
2022-12-20,15.04,15.28,14.86,14.61,124319.27,-0.17,-1.13,15.114,15.247,14.954,163101.22,176799.17,197676.51,0.37
2022-12-19,15.4,15.63,15.03,14.88,157221.84,-0.41,-2.65,15.194,15.341,14.905,171200.13,193402.62,198935.89,0.47
2022-12-16,15.05,15.65,15.44,14.92,257414.16,0.42,2.8,15.242,15.421,14.855,175650.78,213429.38,197637.96,0.77
2022-12-15,15.3,15.35,15.02,14.78,170783.0,-0.2,-1.31,15.294,15.379,14.783,162313.52,211359.18,191902.2,0.51
2022-12-14,15.2,15.33,15.22,14.98,105767.83,-0.04,-0.26,15.35,15.392,14.741,163812.02,226602.91,193407.91,0.31
2022-12-13,15.32,15.71,15.26,15.11,164813.83,-0.01,-0.07,15.38,15.325,14.716,190497.12,241765.87,202700.24,0.49
2022-12-12,15.68,15.81,15.27,15.2,179475.06,-0.43,-2.74,15.488,15.219,14.678,215605.1,246489.41,206566.69,0.53
2022-12-09,15.4,15.82,15.7,15.21,190727.88,0.4,2.61,15.6,15.066,14.629,251207.98,242803.34,210459.4,0.57
2022-12-08,15.35,15.62,15.3,15.23,178275.48,-0.07,-0.46,15.464,14.915,14.564,260404.83,237659.86,216283.0,0.53
2022-12-07,15.79,15.88,15.37,15.31,239193.34,-0.43,-2.72,15.434,14.792,14.496,289393.8,227370.18,215998.56,0.71
2022-12-06,15.68,16.04,15.8,15.3,290353.75,-0.03,-0.19,15.27,14.66,14.434,293034.62,218553.85,213568.71,0.86
2022-12-05,15.02,15.83,15.83,14.98,357489.44,0.81,5.39,14.95,14.468,14.369,277373.72,204469.15,215180.8,1.06
2022-12-02,15.09,15.25,15.02,14.83,236712.16,-0.13,-0.86,14.532,14.288,14.292,234398.7,181846.55,214993.27,0.7
2022-12-01,14.71,15.18,15.15,14.71,323220.31,0.6,4.12,14.366,14.187,14.219,214914.89,172445.22,216709.79,0.96
2022-11-30,14.21,14.8,14.55,14.18,257397.45,0.35,2.46,14.15,14.089,14.135,165346.56,160212.92,212645.95,0.77
2022-11-29,13.7,14.24,14.2,13.66,212049.23,0.46,3.35,14.05,14.106,14.063,144073.08,163634.6,211138.38,0.63
2022-11-28,14.0,14.14,13.74,13.65,142614.34,-0.45,-3.17,13.986,14.137,14.009,131564.59,166643.96,210140.54,0.42
2022-11-25,14.09,14.4,14.19,13.83,139293.12,0.12,0.85,14.044,14.192,13.942,129294.39,178115.47,211102.98,0.41
2022-11-24,14.0,14.18,14.07,13.97,75378.68,0.02,0.14,14.008,14.213,13.869,129975.56,194906.14,213136.63,0.22
2022-11-23,13.88,14.33,14.05,13.82,151030.03,0.17,1.23,14.028,14.199,13.828,155079.28,204626.93,218168.53,0.45
2022-11-22,14.03,14.05,13.88,13.72,149506.77,-0.15,-1.07,14.162,14.208,13.792,183196.13,208583.57,232361.64,0.44
2022-11-21,13.92,14.16,14.03,13.7,131263.36,0.02,0.14,14.288,14.269,13.727,201723.34,225892.45,242832.9,0.39
2022-11-18,14.1,14.22,14.01,13.95,142698.95,-0.16,-1.13,14.34,14.295,13.667,226936.54,248139.99,248932.46,0.42
2022-11-17,14.54,14.65,14.17,14.07,200897.27,-0.55,-3.74,14.418,14.25,13.629,259836.73,260974.35,251811.46,0.6
2022-11-16,14.51,15.12,14.72,14.51,291614.28,0.21,1.45,14.37,14.18,13.596,254174.59,265078.98,254290.32,0.87
2022-11-15,14.27,14.56,14.51,14.03,242142.84,0.22,1.54,14.254,14.02,13.556,233971.02,258642.15,257247.77,0.72
2022-11-14,14.35,14.81,14.29,14.15,257329.38,-0.11,-0.76,14.25,13.88,13.553,250061.55,253637.11,269132.62,0.77
2022-11-11,14.4,14.53,14.4,13.93,307199.88,0.47,3.37,14.25,13.691,13.531,269343.43,244090.49,279468.36,0.91
2022-11-10,14.14,14.23,13.93,13.74,172586.56,-0.21,-1.49,14.082,13.524,13.479,262111.96,231367.12,283512.36,0.51
2022-11-09,14.46,14.67,14.14,14.13,190596.42,-0.35,-2.42,13.99,13.456,13.45,275983.36,231710.12,297163.59,0.57
2022-11-08,14.28,14.73,14.49,14.17,322595.53,0.2,1.4,13.786,13.376,13.749,283313.28,256139.71,301284.81,0.96
2022-11-07,13.53,14.39,14.29,13.48,353738.75,0.73,5.38,13.51,13.184,14.064,257212.67,259773.35,290410.46,1.05
2022-11-04,13.47,13.73,13.56,13.36,271042.56,0.09,0.67,13.132,13.039,14.384,218837.56,249724.94,279009.95,0.81
2022-11-03,12.93,13.55,13.47,12.9,241943.56,0.35,2.67,12.966,13.007,14.769,200622.28,242648.57,272838.11,0.72
2022-11-02,13.06,13.36,13.12,12.75,227246.02,0.01,0.08,12.922,13.011,15.157,187436.88,243501.67,268506.72,0.68
2022-11-01,12.57,13.13,13.11,12.44,192092.44,0.71,5.73,12.966,13.091,15.569,228966.14,255853.39,267215.59,0.57
2022-10-31,12.6,12.78,12.4,12.35,161863.2,-0.33,-2.59,12.858,13.226,16.011,262334.03,284628.12,273649.04,0.48
2022-10-28,13.25,13.31,12.73,12.7,179966.2,-0.52,-3.92,12.946,13.371,16.465,280612.33,314846.22,276921.36,0.54
2022-10-27,13.45,13.7,13.25,13.11,176016.56,-0.09,-0.68,13.048,13.434,16.902,284674.86,335657.6,287171.56,0.52
2022-10-26,12.65,13.74,13.34,12.61,434892.28,0.77,6.13,13.1,13.444,17.261,299566.45,362617.06,287806.89,1.29
2022-10-25,12.2,12.63,12.57,11.83,358931.91,-0.27,-2.1,13.216,14.121,17.618,282740.65,346429.9,283487.78,1.07
2022-10-24,13.16,13.48,12.84,12.8,253254.69,-0.4,-3.02,13.594,14.944,17.991,306922.22,321047.58,284632.33,0.75
2022-10-21,13.49,13.51,13.24,13.07,200278.86,-0.27,-2.0,13.796,15.728,18.293,349080.11,308294.95,279983.81,0.6
2022-10-20,13.73,13.9,13.51,13.4,250474.5,-0.41,-2.94,13.82,16.531,18.578,386640.33,303027.66,280750.19,0.74
2022-10-19,14.42,14.46,13.92,13.9,350763.28,-0.54,-3.73,13.788,17.303,18.882,425667.67,293511.77,283038.9,1.04
2022-10-18,13.82,14.68,14.46,13.8,479839.75,0.61,4.4,15.026,18.046,19.195,410119.16,278577.8,278359.99,1.43
2022-10-17,13.3,13.98,13.85,12.98,464044.16,0.49,3.67,16.294,18.796,19.521,335172.94,262669.97,263154.1,1.38
2022-10-14,13.37,13.52,13.36,13.09,388079.97,0.01,0.07,17.66,19.559,19.89,267509.79,238996.51,249112.77,1.15
2022-10-13,13.97,13.97,13.35,13.06,445611.19,-0.73,-5.18,19.242,20.369,20.277,219414.98,238685.52,246779.87,1.33
2022-10-12,20.66,20.66,20.11,19.61,273020.72,-0.69,-3.32,20.818,21.078,20.704,161355.87,212996.73,237014.8,1.14
2022-10-11,20.91,20.91,20.8,20.3,105108.67,0.12,0.58,21.066,21.115,20.811,147036.44,220545.65,235097.34,0.44
2022-10-10,21.4,21.52,20.68,20.56,125728.4,-0.59,-2.77,21.298,21.038,20.836,190166.99,248217.07,238261.84,0.52
2022-09-30,21.52,21.96,21.27,21.15,147605.91,0.04,0.19,21.458,20.858,20.891,210483.22,251672.66,237566.02,0.61
2022-09-29,21.45,21.62,21.23,20.99,155315.64,-0.12,-0.56,21.496,20.624,20.922,257956.06,258472.73,238794.9,0.65
2022-09-28,21.95,22.11,21.35,21.1,201423.56,-0.61,-2.78,21.338,20.46,20.957,264637.59,272566.04,241674.0,0.84
2022-09-27,21.49,21.96,21.96,21.1,320761.44,0.48,2.23,21.164,20.344,21.02,294054.87,278142.19,248743.87,1.34
2022-09-26,21.27,21.78,21.48,20.89,227309.56,0.02,0.09,20.778,20.246,21.106,306267.16,263638.24,241970.37,0.95
2022-09-23,20.43,21.56,21.46,20.32,384970.09,1.02,4.99,20.258,20.22,21.24,292862.1,259229.04,238114.7,1.6
2022-09-22,20.41,20.72,20.44,20.16,188723.28,-0.04,-0.2,19.752,20.184,21.382,258989.4,254874.23,228218.19,0.79
2022-09-21,19.9,20.87,20.48,19.78,348509.97,0.45,2.25,19.582,20.33,21.549,280494.49,261032.87,239249.58,1.45
2022-09-20,19.1,20.55,20.03,19.05,381822.88,1.15,6.09,19.524,20.507,21.785,262229.51,249649.03,236612.62,1.59
2022-09-19,18.76,19.19,18.88,18.67,160284.3,-0.05,-0.26,19.714,20.634,22.065,221009.32,228306.61,237776.62,0.67
2022-09-16,19.65,19.65,18.93,18.85,215606.59,-0.66,-3.37,20.182,20.924,22.363,225595.97,223459.37,256991.13,0.9
2022-09-15,20.27,20.3,19.59,19.23,296248.69,-0.6,-2.97,20.616,21.22,22.68,250759.05,219117.07,279788.65,1.23
2022-09-14,20.51,20.7,20.19,20.15,257185.08,-0.79,-3.77,21.078,21.454,23.029,241571.26,210781.96,302374.66,1.07
2022-09-13,21.3,21.4,20.98,20.8,175721.94,-0.24,-1.13,21.49,21.696,23.434,237068.56,219345.55,335247.89,0.73
2022-09-09,21.01,21.26,21.22,20.88,183217.56,0.12,0.57,21.554,21.966,23.736,235603.91,220302.51,379713.53,0.76
2022-09-08,22.0,22.05,21.1,20.94,341422.0,-0.8,-3.65,21.666,22.259,23.96,221322.78,217000.36,392882.29,1.42
2022-09-07,22.26,22.53,21.9,21.77,250309.73,-0.35,-1.57,21.824,22.579,24.074,187475.09,201562.16,384296.21,1.04
2022-09-06,21.45,22.3,22.25,21.28,234671.56,0.95,4.46,21.83,22.767,24.121,179992.66,217466.28,378619.84,0.98
2022-09-05,21.7,21.79,21.3,21.2,168398.69,-0.48,-2.2,21.902,23.062,24.128,201622.53,223576.21,371914.98,0.7
2022-09-02,21.91,22.06,21.78,21.63,111811.9,-0.11,-0.5,22.378,23.495,24.172,205001.11,247246.62,369358.66,0.47
2022-09-01,21.97,22.3,21.89,21.61,172183.59,-0.04,-0.18,22.852,23.802,24.175,212677.94,290522.89,370992.86,0.72
2022-08-31,22.31,22.69,21.93,21.79,212897.58,-0.68,-3.01,23.334,24.14,24.144,215649.22,340460.22,367456.39,0.89
2022-08-30,24.1,24.17,22.61,22.37,342820.91,-1.07,-4.52,23.704,24.603,24.104,254939.89,393967.35,362820.55,1.43
2022-08-29,23.8,24.09,23.68,23.43,185291.59,-0.47,-1.95,24.222,25.172,24.044,245529.88,451150.24,355764.77,0.77
2022-08-26,24.19,24.42,24.15,23.95,150196.02,-0.15,-0.62,24.612,25.505,23.967,289492.12,539124.55,355806.46,0.63
2022-08-25,23.98,24.55,24.3,23.75,187040.02,0.52,2.19,24.752,25.661,23.893,368367.84,568764.21,354214.4,0.78
2022-08-24,25.3,25.52,23.78,23.68,409350.91,-1.42,-5.63,24.946,25.568,23.832,465271.21,567030.27,350351.45,1.7
2022-08-23,25.55,25.55,25.2,24.8,295770.84,-0.43,-1.68,25.502,25.475,23.806,532994.81,539773.4,334563.14,1.23
2022-08-22,24.89,25.93,25.63,24.85,405102.81,0.78,3.14,26.122,25.193,23.729,656770.6,520253.75,324577.9,1.69
2022-08-19,25.08,25.43,24.85,24.46,544574.62,-0.42,-1.66,26.398,24.848,23.602,788756.99,491470.71,309258.8,2.27
2022-08-18,26.0,26.37,25.27,24.8,671556.88,-1.29,-4.86,26.57,24.547,23.555,769160.59,451462.83,286918.63,2.8
2022-08-17,27.75,28.01,26.56,26.3,747968.88,-1.74,-6.15,26.19,24.147,23.52,668789.33,394452.56,256539.76,3.11
2022-08-16,27.72,28.75,28.3,27.33,914649.81,1.29,4.78,25.448,23.605,23.442,546551.99,331673.76,225933.15,3.81
2022-08-15,26.4,27.5,27.01,25.97,1065034.75,1.3,5.06,24.264,22.915,23.242,383736.91,260379.3,185623.7,4.43
2022-08-12,23.63,25.71,25.71,23.5,446592.62,2.34,10.01,23.298,22.429,23.095,194184.43,172488.36,138712.1,1.86
2022-08-11,23.17,23.63,23.37,22.83,169700.58,0.52,2.28,22.524,22.125,23.005,133765.06,139664.6,124519.77,0.71
2022-08-10,22.15,22.9,22.85,22.05,136782.19,0.47,2.1,22.104,22.096,23.066,120115.78,133672.63,119726.19,0.57
2022-08-09,22.32,22.58,22.38,22.18,100574.4,0.2,0.9,21.762,22.136,23.139,116795.52,129352.88,116168.84,0.42
2022-08-08,21.74,22.27,22.18,21.71,117272.35,0.34,1.56,21.566,22.264,23.255,137021.69,128902.05,118058.89,0.49
2022-08-05,21.36,21.85,21.84,21.12,144495.8,0.57,2.68,21.56,22.356,23.346,150792.29,127046.9,118113.51,0.6
2022-08-04,21.27,21.57,21.27,21.01,101454.17,0.13,0.61,21.726,22.562,23.507,145564.13,122374.43,115832.79,0.42
2022-08-03,21.5,21.98,21.14,21.1,120180.89,-0.26,-1.22,22.088,22.892,23.688,147229.49,118626.96,115702.16,0.5
2022-08-02,21.93,21.99,21.4,20.82,201705.22,-0.75,-3.39,22.51,23.279,23.889,141910.25,120192.54,117350.96,0.84
2022-08-01,22.55,22.6,22.15,21.97,186125.38,-0.52,-2.29,22.962,23.568,24.126,120782.41,110868.11,114285.4,0.77
2022-07-29,23.14,23.31,22.67,22.5,118354.97,-0.41,-1.78,23.152,23.761,24.318,103301.5,104935.85,109648.3,0.49
2022-07-28,23.25,23.46,23.08,23.01,109780.97,-0.17,-0.73,23.398,23.885,24.485,99184.72,109374.94,109369.2,0.46
2022-07-27,23.67,23.77,23.25,23.11,93584.69,-0.41,-1.73,23.696,24.035,24.623,90024.43,105779.76,108647.2,0.39
2022-07-26,23.2,23.87,23.66,23.09,96066.02,0.56,2.42,24.048,24.141,24.734,98474.82,102984.79,109138.52,0.4
2022-07-25,23.78,23.95,23.1,22.99,98720.86,-0.8,-3.35,24.174,24.245,24.848,100953.81,107215.72,108833.17,0.41
2022-07-22,24.55,24.67,23.9,23.63,97771.08,-0.67,-2.73,24.37,24.335,24.993,106570.19,109180.12,110499.15,0.41
2022-07-21,24.88,25.05,24.57,24.54,63979.5,-0.44,-1.76,24.372,24.451,25.096,119565.16,109291.16,110862.79,0.27
2022-07-20,24.26,25.21,25.01,24.26,135836.66,0.72,2.96,24.374,24.484,25.157,121535.08,112777.37,114436.74,0.57
2022-07-19,24.06,24.45,24.29,23.96,108460.95,0.21,0.87,24.234,24.498,25.187,107494.75,114509.39,113752.66,0.45
2022-07-18,23.75,24.29,24.08,23.3,126802.77,0.17,0.71,24.316,24.683,25.272,113477.64,117702.7,117276.63,0.53
2022-07-15,24.4,24.49,23.91,23.85,162745.91,-0.67,-2.73,24.3,24.875,25.405,111790.05,114360.74,121039.01,0.68
2022-07-14,24.31,24.58,24.58,24.06,73829.11,0.27,1.11,24.53,25.084,25.585,99017.16,109363.47,124648.22,0.31
2022-07-13,24.51,24.64,24.31,24.19,65635.01,-0.39,-1.58,24.594,25.211,25.703,104019.65,111514.65,131873.18,0.27
2022-07-12,24.17,24.86,24.7,23.95,138375.39,0.7,2.92,24.762,25.326,25.884,121524.03,115292.26,140750.11,0.58
2022-07-11,25.0,25.0,24.0,23.8,118364.81,-1.06,-4.23,25.05,25.451,26.068,121927.76,110450.61,144248.46,0.49
2022-07-08,25.0,25.28,25.06,24.83,98881.49,0.16,0.64,25.45,25.651,26.233,116931.44,111818.18,145985.44,0.41
2022-07-07,25.15,25.27,24.9,24.49,98841.56,-0.25,-0.99,25.638,25.741,26.346,119709.77,112434.41,154476.82,0.41
2022-07-06,25.86,26.15,25.15,24.88,153156.88,-0.99,-3.79,25.828,25.829,26.504,119009.65,116096.12,156447.47,0.64
2022-07-05,26.07,26.56,26.14,25.86,140394.06,0.14,0.54,25.89,25.876,26.638,109060.49,112995.94,153563.88,0.58
2022-07-04,25.85,26.1,26.0,25.65,93383.21,0.0,0.0,25.852,25.86,26.703,98973.45,116850.56,152775.28,0.39
2022-07-01,25.85,26.09,26.0,25.41,112773.15,0.15,0.58,25.852,25.934,26.788,106704.92,127717.27,158814.66,0.47
2022-06-30,25.61,25.98,25.85,25.51,95340.93,0.39,1.53,25.844,26.086,27.42,105159.05,139932.97,155677.92,0.4
2022-06-29,25.85,25.93,25.46,25.4,103411.12,-0.49,-1.89,25.83,26.195,28.076,113182.59,152231.72,154607.32,0.43
2022-06-28,25.99,26.1,25.95,25.68,89958.85,-0.05,-0.19,25.862,26.442,28.771,116931.38,166207.96,153430.67,0.37
2022-06-27,25.95,26.29,26.0,25.84,132040.56,0.04,0.15,25.868,26.684,29.404,134727.66,178046.32,152306.28,0.55
2022-06-24,25.85,26.05,25.96,25.62,105043.79,0.18,0.7,26.016,26.814,30.008,148729.62,180152.69,148812.39,0.44
2022-06-23,25.5,25.9,25.78,25.17,135458.64,0.16,0.62,26.328,26.95,30.585,174706.88,196519.23,146545.35,0.56
2022-06-22,25.9,26.18,25.62,25.48,122155.07,-0.36,-1.39,26.56,27.179,31.124,191280.84,196798.83,142181.48,0.51
2022-06-21,26.67,26.83,25.98,25.77,178940.23,-0.76,-2.84,27.022,27.4,31.676,215484.54,194131.83,139099.75,0.75
2022-06-20,28.09,28.09,26.74,26.58,202050.36,-0.78,-2.83,27.5,27.545,32.264,221364.98,188700.01,132559.49,0.84
2022-06-17,26.8,28.06,27.52,26.75,234930.12,0.58,2.15,27.612,27.642,32.806,211575.77,189912.06,125516.72,0.98
2022-06-16,27.79,28.1,26.94,26.86,218328.44,-0.99,-3.54,27.572,28.754,33.287,218331.58,171422.87,118189.17,0.91
2022-06-15,29.75,29.88,27.93,27.84,243173.56,-0.44,-1.55,27.798,29.956,33.81,202316.81,156982.91,111123.64,1.01
2022-06-14,27.0,28.5,28.37,26.88,208342.44,1.07,3.92,27.778,31.099,34.246,172779.12,140653.38,101989.87,0.87
2022-06-13,27.25,27.54,27.3,26.81,153104.27,-0.02,-0.07,27.59,32.123,34.628,156035.04,126566.23,94527.84,0.64
2022-06-10,27.75,27.97,27.32,27.32,268709.19,-0.75,-2.67,27.672,33.202,35.053,168248.35,117472.08,90371.24,1.12
2022-06-09,27.85,28.2,28.07,27.66,138254.59,0.24,0.86,29.936,34.219,35.437,124514.16,96571.47,79593.11,0.58
2022-06-08,27.45,27.89,27.83,27.16,95485.09,0.4,1.46,32.114,35.069,35.78,111649.01,87564.14,78238.34,0.4
2022-06-07,27.78,27.81,27.43,27.15,124622.06,-0.28,-1.01,34.42,35.951,36.051,108527.65,84067.68,79655.54,0.52
2022-06-06,27.5,27.99,27.71,26.65,214170.8,0.34,1.24,36.656,36.983,36.386,97097.42,76418.98,77959.38,0.89
2022-06-02,39.02,39.08,38.64,38.42,50038.26,-0.32,-0.82,38.732,37.969,36.771,66695.82,61121.38,70908.99,0.29
2022-06-01,39.23,39.84,38.96,38.66,73928.86,-0.4,-1.02,38.502,37.819,36.657,68628.78,64955.46,73603.72,0.43
2022-05-31,38.33,39.47,39.36,38.31,79878.26,0.75,1.94,38.024,37.663,36.511,63479.26,65264.38,74147.71,0.47
2022-05-30,38.51,38.98,38.61,38.14,67470.91,0.52,1.36,37.482,37.393,36.261,59607.7,63326.35,74652.71,0.39
2022-05-27,38.04,38.44,38.09,37.64,62162.79,0.6,1.6,37.31,37.132,36.048,55740.54,62489.45,77490.16,0.36
2022-05-26,36.68,37.88,37.49,36.21,59703.09,0.92,2.52,37.206,36.904,35.792,55546.94,63270.4,79574.74,0.35
2022-05-25,36.46,36.89,36.57,36.22,48181.27,-0.08,-0.22,37.136,36.654,35.6,61282.14,62614.74,81650.88,0.28
2022-05-24,37.55,37.97,36.65,36.58,60520.46,-1.1,-2.91,37.302,36.49,35.571,67049.49,68912.54,85506.8,0.35
2022-05-23,37.75,38.05,37.75,37.35,48135.07,0.18,0.48,37.304,36.15,35.586,67044.99,75243.41,87122.18,0.28
2022-05-20,36.95,37.67,37.57,36.91,61194.8,0.43,1.16,36.954,35.789,35.667,69238.36,79499.79,86887.19,0.36
2022-05-19,36.5,37.3,37.14,36.43,88379.09,-0.26,-0.69,36.602,35.572,35.797,70993.86,80696.61,85927.83,0.51
2022-05-18,36.68,37.86,37.4,36.53,77018.03,0.74,2.02,36.172,35.495,35.937,63947.34,82251.98,83016.22,0.45
2022-05-17,35.92,36.85,36.66,35.61,60497.97,0.66,1.83,35.678,35.359,36.06,70775.58,83031.05,80818.24,0.35
2022-05-16,35.9,36.86,36.0,35.81,59101.91,0.19,0.53,34.996,35.129,36.268,83441.83,85979.07,79667.39,0.34
2022-05-13,35.02,35.95,35.81,35.0,69972.3,0.82,2.34,34.624,34.964,36.508,89761.22,92490.87,80840.38,0.41
2022-05-12,35.02,35.49,34.99,34.4,53146.49,0.06,0.17,34.542,34.68,36.733,90399.35,95879.07,81585.39,0.31
2022-05-11,33.33,35.38,34.93,33.33,111159.23,1.68,5.05,34.818,34.545,37.046,100556.63,100687.03,86401.09,0.65
2022-05-10,33.65,33.94,33.25,33.1,123829.22,-0.89,-2.61,35.04,34.652,37.319,95286.51,102101.07,85907.93,0.72
2022-05-09,35.31,35.39,34.14,33.8,90698.85,-1.26,-3.56,35.262,35.022,37.587,88516.32,99000.94,83275.8,0.53
2022-05-06,35.5,36.33,35.4,35.22,73162.97,-0.97,-2.67,35.304,35.545,37.863,95220.52,94274.58,81633.61,0.43
2022-05-05,36.01,37.2,36.37,35.55,103932.86,0.33,0.92,34.818,36.022,38.113,101358.79,91159.04,81974.38,0.61
2022-04-29,34.8,36.22,36.04,34.11,84808.67,1.68,4.89,34.272,36.379,38.265,100817.42,83780.46,80351.94,0.49
2022-04-28,34.44,34.96,34.36,33.68,89978.23,0.01,0.03,34.264,36.761,38.475,108915.62,78605.44,78959.85,0.52
2022-04-27,32.97,34.68,34.35,32.1,124219.86,1.38,4.19,34.782,37.406,38.754,109485.56,73355.7,77435.11,0.72
2022-04-26,33.49,34.5,32.97,32.75,103854.34,-0.67,-1.99,35.786,38.051,39.037,93328.64,69189.89,77452.19,0.6
2022-04-25,35.3,35.62,33.64,33.62,101226.02,-2.36,-6.56,37.226,38.786,39.478,80959.3,67291.71,76037.57,0.59
2022-04-22,36.0,37.31,36.0,35.75,125299.63,-0.95,-2.57,38.486,39.547,39.96,66743.5,72115.16,74746.13,0.73
2022-04-21,39.01,39.17,36.95,36.51,92827.96,-2.42,-6.15,39.258,39.986,40.31,48295.25,69714.79,71534.86,0.54
2022-04-20,40.01,40.26,39.37,39.22,43435.27,-0.8,-1.99,40.03,40.151,40.616,37225.84,67550.66,71245.9,0.25
2022-04-19,39.51,40.3,40.17,39.51,42007.6,0.23,0.58,40.316,40.181,40.779,45051.13,68992.65,73251.04,0.24
2022-04-18,39.94,40.8,39.94,39.39,30147.06,0.08,0.2,40.346,40.204,40.847,53624.12,72789.72,75137.59,0.18
2022-04-15,40.4,40.44,39.86,39.5,33058.38,-0.95,-2.33,40.608,40.15,40.888,77486.82,76923.42,78736.32,0.19
2022-04-14,40.96,41.04,40.81,40.25,37480.9,0.01,0.03,40.714,40.189,40.902,91134.32,79314.26,84029.3,0.22
2022-04-13,40.31,41.77,40.8,39.83,82561.72,0.48,1.19,40.272,40.102,40.87,97875.48,81514.52,88553.88,0.48
2022-04-12,41.1,41.4,40.32,40.1,84872.56,-0.93,-2.25,40.046,40.022,40.924,92934.16,85714.48,87588.78,0.49
2022-04-11,40.65,42.08,41.25,40.19,149460.55,0.86,2.13,40.062,40.169,41.044,91955.31,84783.42,87513.8,0.87
2022-04-08,38.63,40.6,40.39,38.3,101295.88,1.79,4.64,39.692,40.372,41.107,76360.01,77377.1,84912.03,0.59
2022-04-07,39.5,39.79,38.6,38.6,71186.67,-1.07,-2.7,39.664,40.633,41.232,67494.19,73354.93,88505.18,0.42
2022-04-06,40.34,40.99,39.67,39.53,57855.16,-0.73,-1.81,39.932,41.081,41.393,65153.57,74941.14,91558.2,0.34
2022-04-01,39.4,40.75,40.4,38.8,79978.27,1.0,2.54,39.998,41.377,41.495,78494.8,77509.44,94020.25,0.47
2022-03-31,39.98,40.34,39.4,39.25,71484.07,-0.85,-2.11,40.276,41.49,41.608,77611.54,77485.46,98180.53,0.42
2022-03-30,39.98,40.55,40.25,39.91,56966.77,0.31,0.78,41.052,41.626,41.678,78394.19,80549.23,106510.9,0.33
2022-03-29,39.99,40.6,39.94,39.68,59483.57,-0.06,-0.15,41.602,41.615,41.83,79215.67,88744.35,109380.95,0.35
2022-03-28,41.51,41.51,40.0,39.6,124561.34,-1.79,-4.28,42.23,41.638,41.991,84728.71,95593.24,119206.52,0.73
2022-03-25,43.17,43.47,41.79,41.6,75561.93,-1.49,-3.44,42.756,41.826,42.245,76524.07,89463.08,117286.18,0.44
2022-03-24,42.99,43.76,43.28,42.7,75397.32,0.28,0.65,42.704,41.919,42.421,77359.38,90244.18,117746.1,0.44
2022-03-23,43.52,43.89,43.0,42.66,61074.19,-0.08,-0.19,42.2,41.841,42.457,82704.27,92446.97,118135.53,0.36
2022-03-22,43.2,43.38,43.08,42.12,87048.79,0.45,1.06,41.628,41.831,42.583,98273.03,103655.43,119195.4,0.51
2022-03-21,41.68,43.22,42.63,41.2,83538.14,1.1,2.65,41.046,41.704,42.658,106457.76,108175.25,118369.92,0.49
2022-03-18,40.41,41.72,41.53,40.24,79738.44,0.77,1.89,40.896,41.612,42.774,102402.08,110531.06,118427.26,0.47
2022-03-17,40.39,41.44,40.76,40.04,102121.81,0.62,1.54,41.134,41.726,43.015,103128.99,118875.61,117272.76,0.6
2022-03-16,40.97,41.28,40.14,38.4,138917.98,-0.03,-0.07,41.482,41.73,43.292,102189.66,132472.56,116674.86,0.81
2022-03-15,41.88,41.88,40.17,39.78,127972.45,-1.71,-4.08,42.034,42.044,43.54,109037.82,130017.55,113822.53,0.75
2022-03-14,42.12,42.62,41.88,41.5,63259.7,-0.84,-1.97,42.362,42.344,43.83,109892.73,142819.8,112007.91,0.37
2022-03-11,42.0,42.78,42.72,40.6,83372.99,0.22,0.52,42.328,42.664,44.049,118660.04,145109.29,116690.17,0.49
2022-03-10,43.58,43.93,42.5,42.23,97425.19,-0.4,-0.93,42.318,42.922,44.223,134622.23,145248.03,119666.13,0.57
2022-03-09,41.83,44.2,42.9,41.29,173158.77,1.09,2.61,41.978,43.072,44.378,162755.46,143824.09,122962.4,1.01
2022-03-08,42.66,42.79,41.81,41.55,132247.02,0.1,0.24,42.054,43.335,44.437,150997.28,134735.37,118771.78,0.77
2022-03-07,42.45,42.78,41.71,41.31,107096.24,-0.96,-2.25,42.326,43.612,44.565,175746.87,128564.59,118457.18,0.62
2022-03-04,41.0,42.7,42.67,40.62,163183.92,1.87,4.58,43.0,43.936,44.624,171558.54,126323.45,118197.05,0.95
2022-03-03,42.86,43.58,40.8,40.61,238091.36,-2.48,-5.73,43.526,44.304,44.59,155873.82,115669.91,114630.1,1.39
2022-03-02,43.14,43.81,43.28,42.8,114367.85,0.11,0.26,44.166,44.854,44.676,124892.71,100877.16,107200.39,0.67
2022-03-01,44.91,44.91,43.17,41.5,255994.98,-1.91,-4.24,44.616,45.036,44.687,118473.47,97627.51,106389.4,1.49
2022-02-28,45.26,45.44,45.08,44.1,86154.59,-0.22,-0.49,44.898,45.316,44.706,81382.31,81196.01,98720.56,0.5
2022-02-25,44.3,45.34,45.3,44.3,84760.33,1.3,2.96,44.872,45.434,44.652,81088.36,88271.05,98689.42,0.49
2022-02-24,45.38,45.47,44.0,43.2,83185.81,-1.53,-3.36,45.082,45.524,44.549,75466.0,94084.24,97963.19,0.49
2022-02-23,44.98,45.79,45.53,44.19,82271.64,0.95,2.13,45.542,45.684,44.54,76861.61,102100.72,99776.22,0.48
2022-02-22,44.51,45.0,44.58,43.6,70539.2,-0.37,-0.82,45.456,45.538,44.403,76781.54,102808.18,100418.16,0.41
2022-02-21,46.35,46.36,44.95,44.65,84684.83,-1.4,-3.02,45.734,45.518,44.326,81009.71,108349.77,101312.51,0.49
2022-02-18,46.28,46.48,46.35,45.73,56648.5,0.05,0.11,45.996,45.311,44.179,95453.74,110070.66,104602.51,0.33
2022-02-17,45.3,46.45,46.3,44.83,90163.88,1.2,2.66,45.966,44.876,43.974,112702.48,113590.29,111769.37,0.53
2022-02-16,46.6,46.6,45.1,44.66,81871.3,-0.87,-1.89,45.826,44.497,43.863,127339.83,113523.62,111713.6,0.48
2022-02-15,46.3,46.78,45.97,45.43,91680.06,-0.29,-0.63,45.62,44.337,43.858,128834.81,115151.3,113678.72,0.53
2022-02-14,46.22,47.39,46.26,45.06,156904.95,0.06,0.13,45.302,44.096,43.756,135689.82,116245.11,116548.82,0.92
2022-02-11,45.6,46.84,46.2,45.0,142892.2,0.6,1.32,44.626,43.87,43.623,124687.57,109107.79,117161.23,0.83
2022-02-10,43.8,46.17,45.6,43.73,163350.66,1.53,3.47,43.786,43.573,43.447,114478.1,101842.14,115197.59,0.95
2022-02-09,44.17,44.85,44.07,43.64,89346.19,-0.31,-0.7,43.168,43.395,43.286,99707.41,97451.71,116494.4,0.52
2022-02-08,43.22,44.51,44.38,42.02,125955.12,1.5,3.5,43.054,43.267,43.165,101467.78,98028.14,124570.51,0.73
2022-02-07,42.66,43.5,42.88,41.7,101893.69,0.88,2.1,42.89,43.134,42.927,96800.39,94275.26,125919.07,0.59
2022-01-28,42.8,43.0,42.0,41.5,91844.83,-0.51,-1.2,43.114,43.046,42.784,93528.01,99134.36,130854.68,0.54
2022-01-27,43.65,44.18,42.51,42.44,89497.23,-0.99,-2.28,43.36,43.072,42.769,89206.18,109948.46,141012.0,0.52
2022-01-26,43.61,44.59,43.5,42.85,98148.04,-0.06,-0.14,43.622,43.229,42.624,95196.01,109903.58,144036.5,0.57
2022-01-25,44.15,44.98,43.56,43.4,102618.14,-0.44,-1.0,43.48,43.379,42.4,94588.51,112206.15,143257.66,0.6
2022-01-24,43.12,44.6,44.0,42.85,85531.8,0.77,1.78,43.378,43.415,42.192,91750.13,116852.54,142563.84,0.5
2022-01-21,43.82,43.83,43.23,42.77,70235.67,-0.59,-1.35,42.978,43.375,41.951,104740.71,125214.67,141605.23,0.41
2022-01-20,42.93,44.68,43.82,42.61,119446.38,1.03,2.41,42.784,43.32,41.745,130690.75,128553.04,143185.1,0.7
2022-01-19,42.88,43.6,42.79,42.27,95110.54,-0.26,-0.6,42.836,43.176,41.522,124611.15,135537.1,146962.85,0.55
2022-01-18,41.88,43.19,43.05,41.7,88426.26,1.05,2.5,43.278,43.062,41.241,129823.8,151112.88,145222.16,0.52
2022-01-17,42.69,42.69,42.0,41.0,150484.69,-0.26,-0.61,43.452,42.719,40.936,141954.96,157562.88,146268.34,0.88
2022-01-14,43.92,44.15,42.26,41.78,199985.86,-1.82,-4.13,43.772,42.522,40.736,145688.63,162575.01,142582.23,1.17
2022-01-13,45.0,45.16,44.08,44.01,89048.42,-0.92,-2.04,43.856,42.466,40.561,126415.33,172075.54,137260.82,0.52
2022-01-12,43.71,45.58,45.0,43.52,121173.75,1.08,2.46,43.516,42.018,40.283,146463.04,178169.42,140541.48,0.71
2022-01-11,43.84,44.68,43.92,43.27,149082.06,0.32,0.73,42.846,41.421,39.958,172401.96,174309.17,151108.41,0.87
2022-01-10,43.0,44.3,43.6,42.17,169153.06,0.92,2.16,41.986,40.969,39.812,173170.8,168275.14,163642.58,0.99
2022-01-07,42.37,43.18,42.68,42.13,103619.38,0.3,0.71,41.272,40.527,39.641,179461.39,157995.79,172586.76,0.6
2022-01-06,41.38,43.1,42.38,40.65,189286.95,0.73,1.75,41.076,40.169,39.392,217735.75,157817.15,172936.38,1.1
2022-01-05,39.58,42.58,41.65,39.32,250868.34,2.03,5.12,40.52,39.867,39.16,209875.8,158388.6,169361.1,1.46
2022-01-04,40.13,41.64,39.62,39.38,152926.28,-0.41,-1.02,39.996,39.42,38.967,176216.39,139331.44,163204.67,0.89
2021-12-31,42.0,42.0,40.03,39.9,200606.0,-1.67,-4.0,39.952,39.152,38.926,163379.49,134973.8,160601.89,1.17
2021-12-30,40.32,42.28,41.7,40.2,294991.16,2.1,5.3,39.782,38.95,38.874,136530.2,122589.46,157201.2,1.72
2021-12-29,38.89,39.9,39.6,38.73,149987.22,0.57,1.46,39.262,38.656,38.778,97898.56,102446.09,150333.13,0.87
2021-12-28,39.4,39.4,39.03,38.5,82571.29,-0.37,-0.94,39.214,38.548,38.753,106901.41,102913.55,149826.23,0.48
2021-12-27,39.0,39.9,39.4,38.81,88741.76,0.22,0.56,38.844,38.495,38.776,102446.5,127907.65,153353.99,0.52
2021-12-24,38.72,39.48,39.18,38.57,66359.56,0.08,0.2,38.352,38.654,38.734,106568.12,159010.02,157507.86,0.39
2021-12-23,39.42,39.51,39.1,38.55,101832.98,-0.26,-0.66,38.118,38.755,38.759,108648.72,187177.73,161478.85,0.59
2021-12-22,37.2,39.64,39.36,37.2,195001.45,2.18,5.86,38.05,38.615,38.762,106993.62,188055.6,163236.3,1.14
2021-12-21,37.26,37.49,37.18,36.78,60296.74,0.24,0.65,37.882,38.452,38.765,98925.69,180333.61,159926.01,0.35
2021-12-20,37.91,38.16,36.94,36.51,109349.88,-1.07,-2.81,38.146,38.513,38.865,153368.81,187077.9,162891.22,0.64
2021-12-17,38.71,38.89,38.01,38.01,76762.55,-0.75,-1.94,38.956,38.699,38.956,211451.92,186229.98,165824.1,0.45
2021-12-16,38.4,38.83,38.76,38.13,93557.47,0.24,0.62,39.392,38.797,38.999,265706.73,191812.95,165993.16,0.55
2021-12-15,38.48,38.71,38.52,37.9,154661.8,0.02,0.05,39.18,38.9,39.011,269117.57,198220.17,168313.37,0.9
2021-12-14,41.2,41.5,38.5,38.41,332512.34,-2.49,-6.08,39.022,38.957,38.98,261741.52,196738.91,166524.34,1.94
2021-12-13,41.21,43.99,40.99,40.8,399765.44,0.8,1.99,38.88,39.057,38.975,220786.99,178800.34,155120.05,2.33
2021-12-10,37.97,40.2,40.19,37.65,348036.62,2.49,6.61,38.442,38.813,38.847,161008.03,156005.71,140270.1,2.03
2021-12-09,37.52,37.97,37.7,37.25,110611.67,-0.03,-0.08,38.202,38.763,38.789,117919.16,135779.98,127355.29,0.65
2021-12-08,37.9,38.01,37.73,37.21,117781.54,-0.06,-0.16,38.62,38.908,38.858,127322.77,138417.01,128767.14,0.69
2021-12-07,38.94,39.4,37.79,37.6,127739.67,-1.01,-2.6,38.892,39.078,38.951,131736.29,139518.42,134904.91,0.74
2021-12-06,38.99,39.74,38.8,38.62,100870.65,-0.19,-0.49,39.234,39.216,39.081,136813.68,138704.53,144665.25,0.59
2021-12-03,39.95,40.01,38.99,38.81,132592.28,-0.8,-2.01,39.184,39.213,38.976,151003.38,145418.22,148472.99,0.77
2021-12-02,39.09,40.27,39.79,38.93,157629.7,0.7,1.79,39.324,39.201,38.772,153640.79,140173.38,150986.44,0.92
2021-12-01,39.25,39.6,39.09,38.55,139849.16,-0.41,-1.04,39.196,39.122,38.582,149511.24,138406.57,156439.92,0.82
2021-11-30,38.52,39.59,39.5,38.52,153126.62,0.95,2.46,39.264,39.003,38.529,147300.54,136309.77,154453.2,0.89
2021-11-29,39.0,39.13,38.55,38.11,171819.14,-1.14,-2.87,39.198,38.893,38.445,140595.39,131439.76,156372.68,1.0
2021-11-26,38.98,40.3,39.69,38.94,145779.34,0.54,1.38,39.242,38.88,38.491,139833.06,124534.5,154952.88,0.85
2021-11-25,39.2,40.43,39.15,39.08,136981.95,-0.28,-0.71,39.078,38.814,38.454,126705.96,118930.59,154708.82,0.8
2021-11-24,39.8,40.24,39.43,38.79,128795.65,0.26,0.66,39.048,38.808,38.466,127301.9,119117.27,156711.18,0.75
2021-11-23,38.58,40.09,39.17,38.58,119600.85,0.4,1.03,38.742,38.824,38.581,125318.99,130291.4,159677.43,0.7
2021-11-22,38.7,39.39,38.77,38.31,168007.52,-0.1,-0.26,38.588,38.945,38.738,122284.13,150625.96,163583.46,0.98
2021-11-19,39.0,39.0,38.87,38.33,80143.83,-0.13,-0.33,38.518,38.739,38.924,109235.94,151527.76,167326.08,0.47
2021-11-18,38.18,39.67,39.0,37.67,139961.67,1.1,2.9,38.55,38.343,39.061,111155.23,161799.49,169520.44,0.82
2021-11-17,38.23,38.47,37.9,37.52,118881.08,-0.5,-1.3,38.568,38.042,39.188,110932.63,174473.26,168799.61,0.69
2021-11-16,38.59,38.96,38.4,38.18,104426.54,-0.02,-0.05,38.906,38.055,39.319,135263.81,172596.63,167839.28,0.61
2021-11-15,39.0,39.0,38.42,38.2,102766.58,-0.61,-1.56,39.302,37.997,39.418,178967.79,181305.61,168044.88,0.6
2021-11-12,38.98,39.29,39.03,38.62,89740.26,-0.06,-0.15,38.96,38.102,39.466,193819.58,185371.25,167585.86,0.52
2021-11-11,39.6,39.79,39.09,38.35,138848.69,-0.5,-1.26,38.136,38.094,39.478,212443.76,190487.05,170174.34,0.81
2021-11-10,40.38,41.22,39.59,39.18,240537.0,-0.79,-1.96,37.516,38.123,39.457,238013.89,194305.1,168490.98,1.4
2021-11-09,37.19,40.38,40.38,36.37,322946.41,3.67,10.0,37.204,38.337,39.388,209929.44,189063.46,167726.07,1.88
2021-11-08,35.12,37.22,36.71,35.08,177025.52,1.8,5.16,36.692,38.53,39.339,183643.42,176540.97,161774.41,1.03
2021-11-05,35.82,36.2,34.91,34.79,182861.19,-1.08,-3.0,37.244,39.109,39.509,176922.93,183124.4,162173.47,1.07
2021-11-04,38.01,38.16,35.99,35.73,266699.31,-2.04,-5.36,38.052,39.778,39.678,168530.35,177241.39,161916.86,1.56
2021-11-03,37.99,38.18,38.03,37.23,100114.78,0.21,0.56,38.73,40.334,39.83,150596.31,163125.96,159294.22,0.58
2021-11-02,39.48,39.69,37.82,37.35,191516.31,-1.65,-4.18,39.47,40.582,39.763,168197.47,163081.93,169156.13,1.12
2021-11-01,39.03,39.83,39.47,38.02,143423.05,0.52,1.33,40.368,40.838,39.879,169438.52,154784.16,168543.32,0.84
2021-10-29,39.49,39.88,38.95,38.35,140898.28,-0.43,-1.09,40.974,40.829,39.945,189325.87,149800.47,171610.3,0.82
2021-10-28,41.55,41.77,39.38,39.11,177029.14,-2.35,-5.63,41.504,40.862,40.123,185952.44,149861.63,173547.04,1.03
2021-10-27,42.31,43.14,41.73,41.41,188120.56,-0.58,-1.37,41.938,40.791,40.34,175655.6,142676.86,176686.11,1.1
2021-10-26,42.82,43.99,42.31,41.83,197721.56,-0.19,-0.45,41.694,40.439,40.53,157966.39,146388.68,176173.36,1.15
2021-10-25,41.44,43.49,42.5,41.21,242859.8,0.9,2.16,41.308,40.147,40.639,140129.8,147007.86,182053.44,1.42
2021-10-22,41.38,42.55,41.6,41.2,124031.14,0.05,0.12,40.684,39.908,40.85,110275.07,141222.54,184482.0,0.72
2021-10-21,40.8,41.8,41.55,40.45,125544.95,1.04,2.57,40.22,39.577,41.037,113770.82,146592.32,189055.09,0.73
2021-10-20,40.09,40.95,40.51,39.21,99674.48,0.13,0.32,39.644,39.325,41.255,109698.11,155462.48,202857.39,0.58
2021-10-19,39.38,40.58,40.38,38.96,108538.62,1.0,2.54,39.184,38.944,41.471,134810.97,175230.33,213079.87,0.63
2021-10-18,39.1,39.85,39.38,38.62,93586.17,0.1,0.26,38.986,38.919,41.602,153885.92,182302.47,220020.6,0.55
2021-10-15,38.63,39.48,39.28,38.15,141509.88,0.61,1.58,39.132,39.061,41.702,172170.02,193420.13,224522.04,0.83
2021-10-14,38.53,38.83,38.67,37.33,105181.41,0.46,1.2,38.934,39.383,41.744,179413.82,197232.45,223132.6,0.61
2021-10-13,39.77,39.77,38.21,36.8,225238.77,-1.18,-3.0,39.006,39.889,41.806,201226.85,210695.37,225512.79,1.31
2021-10-12,40.8,40.86,39.39,38.45,203913.36,-0.72,-1.79,38.704,40.621,41.885,215649.69,205958.03,223742.88,1.19
2021-10-11,38.57,40.49,40.11,38.44,185006.66,1.82,4.75,38.852,41.13,41.895,210719.03,217099.03,225373.23,1.08
2021-10-08,40.3,40.5,38.29,37.8,177728.88,-0.74,-1.9,38.99,41.791,41.983,214670.24,227741.45,226764.23,1.04
2021-09-30,38.25,39.5,39.03,37.88,214246.56,2.33,6.35,39.832,42.496,42.082,215051.08,231517.87,228579.66,1.25
2021-09-29,39.88,39.88,36.7,36.6,297353.0,-3.43,-8.55,40.772,43.185,42.226,220163.89,250252.3,227497.75,1.73
2021-09-28,40.8,41.28,40.13,39.66,179260.05,-0.67,-1.64,42.538,43.997,42.525,196266.38,250929.41,224794.35,1.05
2021-09-27,42.7,43.09,40.8,40.5,204762.72,-1.7,-4.0,43.408,44.284,42.591,223479.02,257738.73,222840.52,1.19
2021-09-24,43.75,43.85,42.5,42.13,179633.08,-1.23,-2.81,44.592,44.342,42.614,240812.66,255623.94,223620.76,1.05
2021-09-23,46.75,47.5,43.73,43.2,239810.59,-1.8,-3.95,45.16,44.104,42.609,247984.65,249032.76,222175.85,1.4
2021-09-22,44.42,46.18,45.53,44.2,177865.44,1.05,2.36,45.598,43.723,42.51,280340.71,240330.22,217007.69,1.04
2021-09-17,45.18,46.3,44.48,43.29,315323.28,-2.24,-4.79,45.456,43.148,42.322,305592.44,241527.72,216335.71,1.84
2021-09-16,45.89,48.68,46.72,45.88,291430.91,1.38,3.04,45.16,42.66,42.163,291998.44,233647.43,210707.93,1.7
2021-09-15,45.7,46.61,45.34,44.87,215493.02,-0.58,-1.26,44.092,42.175,41.92,270435.23,225787.01,205081.01,1.26
2021-09-14,44.82,48.11,45.92,43.88,401590.88,1.1,2.45,43.048,41.667,41.774,250080.87,225641.45,203951.46,2.34
2021-09-13,43.7,44.95,44.82,42.28,304124.12,1.82,4.23,41.848,41.266,41.667,200319.72,204743.21,199121.47,1.77
2021-09-10,41.5,43.64,43.0,41.06,247353.28,1.62,3.92,40.84,41.052,41.714,177462.99,198659.29,194942.78,1.44
2021-09-09,40.16,41.52,41.38,40.07,183614.84,1.26,3.14,40.16,40.898,41.862,175296.42,187942.31,193467.2,1.07
2021-09-08,39.98,40.96,40.12,39.7,113721.24,0.2,0.5,40.258,40.885,41.977,181138.79,191617.58,192833.13,0.66
2021-09-07,39.84,40.1,39.92,39.28,152785.14,0.14,0.35,40.286,41.113,42.202,201202.02,195318.94,198313.91,0.89
2021-09-06,39.22,40.0,39.78,38.38,189840.45,0.18,0.46,40.684,41.296,42.34,209166.7,193685.16,199164.09,1.11
2021-09-03,41.57,41.9,39.6,39.02,236520.41,-2.27,-5.42,41.264,41.496,42.493,219855.58,191143.71,202132.72,1.38
2021-09-02,40.46,41.98,41.87,39.31,212826.69,1.61,4.0,41.636,41.666,42.59,200588.2,187768.44,199251.39,1.24
2021-09-01,41.9,42.65,40.26,40.11,214037.41,-1.65,-3.94,41.512,41.665,42.605,202096.37,184375.02,204889.34,1.25
2021-08-31,42.88,43.24,41.91,40.93,192608.52,-0.77,-1.8,41.94,41.881,42.661,189435.85,182261.48,209031.66,1.12
2021-08-30,41.52,44.38,42.68,41.52,243284.88,1.22,2.94,41.908,42.067,42.563,178203.63,193499.72,210833.2,1.42
2021-08-27,41.18,41.58,41.46,40.44,140183.52,0.21,0.51,41.728,42.376,42.395,162431.83,191226.27,215065.38,0.82
2021-08-26,42.52,42.6,41.25,40.2,220367.52,-1.15,-2.71,41.696,42.826,42.141,174948.68,198992.09,220757.4,1.29
2021-08-25,41.78,42.45,42.4,40.81,150734.81,0.65,1.56,41.818,43.068,42.003,166653.66,194048.68,221149.34,0.88
2021-08-24,42.2,42.41,41.75,41.48,136447.41,-0.03,-0.07,41.822,43.291,41.687,175087.11,201308.88,235843.17,0.8
2021-08-23,41.5,42.8,41.78,41.33,164425.91,0.48,1.16,42.226,43.384,41.532,208795.81,204643.01,244901.17,0.96
2021-08-20,41.6,42.75,41.3,40.41,202767.73,-0.56,-1.34,43.024,43.489,41.344,220020.71,213121.72,244596.44,1.18
2021-08-19,42.94,42.94,41.86,41.02,178892.44,-0.56,-1.32,43.956,43.513,41.184,223035.51,210734.34,241844.55,1.04
2021-08-18,44.3,44.48,42.42,42.1,192902.08,-1.35,-3.08,44.318,43.544,41.06,221443.71,225403.66,243722.4,1.12
2021-08-17,45.93,47.48,43.77,43.44,304990.91,-2.0,-4.37,44.76,43.44,40.851,227530.65,235801.85,241093.6,1.78
2021-08-16,45.5,48.26,45.77,45.31,220550.41,-0.19,-0.41,44.542,43.058,40.516,200490.21,228166.68,233507.9,1.29
2021-08-13,43.9,46.05,45.96,43.3,217841.72,2.29,5.24,43.954,42.414,40.139,206222.73,238904.49,227643.69,1.27
2021-08-12,44.7,44.7,43.67,43.56,170933.42,-0.96,-2.15,43.07,41.455,39.763,198433.17,242522.71,221103.32,1.0
2021-08-11,43.12,45.35,44.63,42.86,223336.8,1.95,4.57,42.77,40.938,39.527,229363.62,248250.0,218299.21,1.3
2021-08-10,42.58,43.14,42.68,42.06,169788.72,-0.15,-0.35,42.12,40.083,39.231,244073.04,270377.45,212253.49,0.99
2021-08-09,41.46,43.67,42.83,40.35,249213.0,1.29,3.1,41.574,39.68,39.041,255843.14,285159.32,209386.58,1.45
2021-08-06,41.85,42.35,41.54,41.22,178893.91,-0.63,-1.49,40.874,39.198,38.828,271586.24,276071.16,206110.97,1.04
2021-08-05,41.19,44.14,42.17,40.81,325585.66,0.79,1.91,39.84,38.854,38.587,286612.25,272954.76,208816.36,1.9
2021-08-04,40.7,41.63,41.38,39.0,296883.91,1.43,3.58,39.106,38.576,38.286,267136.38,262041.13,199334.02,1.73
2021-08-03,39.33,40.55,39.95,38.33,228639.22,0.62,1.58,38.046,38.262,38.046,296681.86,246385.36,193550.19,1.33
2021-08-02,36.4,39.33,39.33,35.93,327928.5,2.96,8.14,37.786,37.974,37.872,314475.5,238849.13,190518.13,1.91
2021-07-30,38.5,38.76,36.37,36.1,254023.98,-2.13,-5.53,37.522,37.863,37.758,280556.07,216382.88,184061.19,1.48
2021-07-29,37.11,38.8,38.5,37.11,228206.31,2.42,6.71,37.868,38.071,37.86,259297.27,199683.92,181846.45,1.33
2021-07-28,39.01,40.19,36.08,35.86,444611.28,-2.57,-6.65,38.046,38.116,37.815,256945.87,188348.41,185021.69,2.59
2021-07-27,38.54,40.58,38.65,38.54,317607.44,0.64,1.68,38.478,38.378,37.97,196088.87,154129.54,169173.94,1.85
2021-07-26,37.81,38.49,38.01,36.89,158331.36,-0.09,-0.24,38.162,38.401,37.936,163222.76,133613.84,161666.52,0.92
2021-07-23,39.26,40.11,38.1,37.92,147729.97,-1.29,-3.27,38.204,38.458,37.907,152209.69,136150.79,161968.79,0.86
2021-07-22,38.23,39.55,39.39,38.08,216449.3,1.15,3.01,38.274,38.319,37.892,140070.57,144677.96,165587.19,1.26
2021-07-21,37.45,38.5,38.24,37.3,140326.27,1.17,3.16,38.186,37.995,37.695,119750.95,136626.92,158810.56,0.82
2021-07-20,37.8,38.0,37.07,36.36,153276.91,-1.15,-3.01,38.278,37.829,37.553,112170.2,140715.01,155796.16,0.89
2021-07-19,38.6,39.23,38.22,38.08,103266.02,-0.23,-0.6,38.64,37.769,37.468,104004.91,142187.13,153127.34,0.6
2021-07-16,39.1,39.48,38.45,38.3,87034.35,-0.5,-1.28,38.712,37.653,37.315,120091.89,151739.49,154416.25,0.51
2021-07-15,38.7,39.95,38.95,38.65,114851.2,0.25,0.65,38.364,37.648,37.153,149285.36,164008.97,158241.89,0.67
2021-07-14,39.0,39.49,38.7,38.5,102422.53,-0.18,-0.46,37.804,37.513,36.975,153502.88,181694.97,160296.55,0.6
2021-07-13,38.41,39.49,38.88,38.15,112450.44,0.3,0.78,37.38,37.562,36.734,169259.82,184218.34,165141.55,0.66
2021-07-12,36.91,38.8,38.58,36.71,183700.92,1.87,5.09,36.898,37.47,36.568,180369.35,189719.2,166531.99,1.07
2021-07-09,35.97,36.74,36.71,33.8,233001.69,0.56,1.55,36.594,37.356,36.409,183387.1,187786.8,164129.77,1.36
2021-07-08,36.58,37.13,36.15,35.54,135938.84,-0.43,-1.18,36.932,37.464,36.347,178732.58,186496.42,158018.68,0.79
2021-07-07,36.01,37.22,36.58,35.6,181207.23,0.11,0.3,37.222,37.394,36.298,209887.05,180994.2,156819.52,1.06
2021-07-06,37.17,38.06,36.47,35.99,167998.08,-0.59,-1.59,37.744,37.276,36.229,199176.85,170877.31,157482.84,0.98
2021-07-05,38.18,38.29,37.06,36.2,198789.64,-1.34,-3.49,38.042,37.167,36.19,199069.04,164067.54,160168.36,1.16
2021-07-02,37.91,38.57,38.4,36.53,209729.12,0.8,2.13,38.118,36.976,36.006,192186.5,157093.0,156602.62,1.22
2021-07-01,41.0,41.8,37.6,37.0,291711.16,-1.59,-4.06,37.996,36.657,35.77,194260.26,152474.82,154195.21,1.7
2021-06-30,38.06,39.32,39.19,37.85,127656.24,1.23,3.24,37.566,36.437,36.195,152101.35,138898.13,144230.4,0.74
2021-06-29,37.42,39.09,37.96,37.13,167459.03,0.52,1.39,36.808,35.905,36.533,142577.77,146064.77,144338.73,0.98
2021-06-28,37.96,38.6,37.44,36.72,164376.95,-0.35,-0.93,36.292,35.666,36.836,129066.05,143344.79,138973.11,0.96
2021-06-25,35.58,38.2,37.79,35.45,220097.92,2.34,6.6,35.834,35.461,37.159,121999.5,140472.75,135331.0,1.28
2021-06-24,35.49,35.58,35.45,35.0,80916.62,0.05,0.14,35.318,35.229,37.497,110689.38,129540.94,130489.06,0.47
2021-06-23,35.88,35.88,35.4,34.9,80038.34,0.02,0.06,35.308,35.202,37.915,125694.9,132644.84,130958.62,0.47
2021-06-22,35.5,35.87,35.38,35.0,99900.42,0.23,0.65,35.002,35.182,38.338,149551.77,144088.38,136075.38,0.58
2021-06-21,34.9,35.46,35.15,34.12,129044.19,-0.06,-0.17,35.04,35.212,38.575,157623.53,156269.18,135927.34,0.75
2021-06-18,35.19,35.4,35.21,34.62,163547.31,-0.19,-0.54,35.088,35.035,38.848,158945.99,156112.23,133516.05,0.95
2021-06-17,33.97,35.69,35.4,33.77,155944.23,1.53,4.52,35.14,34.882,39.109,148392.5,155915.61,133054.46,0.91
2021-06-16,35.69,35.75,33.87,33.79,199322.72,-1.7,-4.78,35.096,35.953,39.328,139594.77,149562.68,129107.27,1.16
2021-06-15,35.29,35.8,35.57,34.8,140259.19,0.18,0.51,35.362,37.161,39.679,138624.98,142612.69,124384.41,0.82
2021-06-11,35.41,36.19,35.39,35.21,135656.52,-0.08,-0.23,35.384,38.005,39.9,154914.83,134601.44,123631.59,0.79
2021-06-10,35.2,35.95,35.47,35.08,110779.82,0.29,0.82,34.982,38.857,40.111,153278.47,130189.25,120342.86,0.65
2021-06-09,35.59,35.75,35.18,34.63,111955.62,-0.02,-0.06,34.624,39.765,40.32,163438.72,131437.18,118273.1,0.65
2021-06-08,35.96,36.36,35.2,34.18,194473.77,-0.48,-1.34,36.81,40.628,40.564,159530.59,129272.4,115881.77,1.13
2021-06-07,33.21,36.05,35.68,33.21,221708.41,2.3,6.89,38.96,41.494,40.793,146600.39,128062.38,111763.7,1.29
2021-06-04,33.33,33.69,33.38,32.72,127474.75,-0.3,-0.89,40.626,41.937,41.105,114288.04,115585.51,106532.07,0.74
2021-06-03,32.85,34.58,33.68,32.85,161581.06,0.87,2.65,42.732,42.66,41.507,107100.02,110919.87,105235.51,0.94
2021-06-02,46.0,46.7,46.11,45.41,92414.98,0.16,0.35,44.906,43.336,41.893,99435.63,110193.3,103196.15,0.76
2021-06-01,44.55,46.13,45.95,43.81,129822.76,1.94,4.41,44.446,42.703,41.631,99014.21,108651.85,103280.47,1.06
2021-05-31,43.86,44.34,44.01,42.86,60146.67,0.1,0.23,44.028,42.197,41.361,109524.36,106156.14,100697.84,0.49
2021-05-28,44.56,44.59,43.91,43.29,91534.62,-0.64,-1.44,43.248,41.795,41.182,116882.97,112661.74,102801.24,0.75
2021-05-27,43.81,44.55,44.55,43.47,123259.12,0.74,1.69,42.588,41.364,40.936,114739.72,110496.47,102982.39,1.01
2021-05-26,43.64,44.35,43.81,43.4,90307.87,-0.05,-0.11,41.766,40.875,40.702,120950.97,105109.02,107447.73,0.74
2021-05-25,40.3,44.0,43.86,40.12,182373.52,3.75,9.35,40.96,40.499,40.414,118289.49,102491.13,106873.34,1.49
2021-05-24,40.71,40.88,40.11,39.55,96939.71,-0.5,-1.23,40.366,40.091,40.091,102787.92,95465.02,101524.86,0.79
2021-05-21,41.03,42.19,40.61,40.27,80818.38,0.17,0.42,40.342,40.273,39.93,108440.52,97478.64,99738.46,0.66
2021-05-20,40.35,40.78,40.44,38.0,154315.38,0.66,1.66,40.14,40.353,39.739,106253.23,99551.15,99647.26,1.26
2021-05-19,40.78,41.3,39.78,39.73,77000.45,-1.11,-2.71,39.984,40.45,39.566,89267.07,96198.99,95271.07,0.72
2021-05-18,39.99,41.9,40.89,39.91,104865.69,0.9,2.25,40.038,40.558,39.431,86692.78,97909.08,94747.59,0.99
2021-05-17,39.43,40.5,39.99,39.38,125202.69,0.39,0.98,39.816,40.524,39.212,88142.11,95239.55,94709.52,1.18
2021-05-14,40.15,40.29,39.6,39.25,69881.93,-0.06,-0.15,40.204,40.569,39.085,86516.77,92940.73,93297.33,0.66
2021-05-13,39.85,40.33,39.66,39.3,69384.61,-0.39,-0.97,40.566,40.508,38.915,92849.08,95468.31,94611.97,0.65
2021-05-12,39.76,40.45,40.05,39.25,64128.98,0.27,0.68,40.916,40.529,38.737,103130.91,109786.43,96682.47,0.6
2021-05-11,41.38,41.5,39.78,38.51,112112.36,-2.15,-5.13,41.078,40.328,38.617,109125.39,111255.54,97215.68,1.05
2021-05-10,41.36,42.86,41.93,41.0,117075.96,0.52,1.26,41.232,40.09,38.499,102336.98,107584.71,94714.65,1.1
2021-05-07,41.41,42.19,41.41,40.6,101543.47,0.0,0.0,40.934,39.586,38.294,99364.69,101998.28,91918.06,0.95
2021-05-06,41.35,42.3,41.41,40.46,120793.76,0.55,1.35,40.45,39.124,38.111,98087.55,99743.37,90810.66,1.14
2021-04-30,40.57,40.91,40.86,39.64,94101.38,0.31,0.76,40.142,38.681,37.948,116441.96,94343.15,88779.62,0.88
2021-04-29,40.8,41.3,40.55,39.81,78170.32,0.11,0.27,39.578,38.304,37.815,113385.69,91586.1,87237.91,0.73
2021-04-28,39.16,40.66,40.44,38.31,102214.52,1.45,3.72,38.948,37.899,37.671,112832.44,94179.49,86840.63,0.96
2021-04-27,39.79,39.87,38.99,38.67,95157.77,-0.88,-2.21,38.238,37.6,37.515,104631.87,93653.93,86307.54,0.89
2021-04-26,38.04,41.84,39.87,37.96,212565.8,1.83,4.81,37.798,37.321,37.411,101399.19,93755.63,86235.59,2.0
2021-04-23,37.5,38.18,38.04,37.11,78820.04,0.64,1.71,37.22,36.944,37.202,72244.35,83578.51,82093.21,0.74
2021-04-22,37.23,37.65,37.4,36.5,75404.09,0.51,1.38,37.03,36.905,37.113,69786.51,83175.82,86592.37,0.71
2021-04-21,36.79,37.07,36.89,35.82,61211.64,0.1,0.27,36.85,36.908,36.925,75526.54,81844.58,92106.52,0.58
2021-04-20,36.68,37.26,36.79,36.26,78994.39,-0.19,-0.51,36.962,37.002,36.875,82676.0,81837.85,97698.01,0.74
2021-04-19,37.19,37.74,36.98,36.41,66791.58,-0.11,-0.3,36.844,37.098,36.957,86112.07,81877.96,98194.08,0.63
2021-04-16,36.57,37.2,37.09,36.01,66530.84,0.59,1.62,36.668,37.215,37.001,94912.66,83216.09,100790.28,0.63
2021-04-15,37.67,37.99,36.5,35.64,104104.26,-0.95,-2.54,36.78,37.325,37.186,96565.14,82889.73,103075.32,0.98
2021-04-14,36.66,37.89,37.45,36.35,96958.91,1.25,3.45,36.966,37.442,37.301,88162.62,79501.77,100844.0,0.91
2021-04-13,35.53,36.59,36.2,35.16,96174.75,0.1,0.28,37.042,37.429,37.371,80999.7,78961.14,98911.09,0.9
2021-04-12,37.85,38.46,36.1,35.45,110794.56,-1.55,-4.12,37.352,37.501,37.51,77643.84,78715.54,98053.98,1.04
2021-04-09,37.48,37.98,37.65,36.9,74793.2,0.22,0.59,37.762,37.46,37.695,71519.51,80607.91,99099.88,0.7
2021-04-08,37.4,38.24,37.43,37.18,62091.7,-0.4,-1.06,37.87,37.32,37.676,69214.32,90008.91,100724.08,0.58
2021-04-07,37.81,38.24,37.83,36.81,61144.27,0.08,0.21,37.918,36.942,37.658,70840.92,102368.47,104135.01,0.57
2021-04-06,38.27,38.9,37.75,37.15,79395.49,-0.4,-1.05,37.816,36.748,37.62,76922.59,113558.18,113719.31,0.75
2021-04-02,38.3,39.09,38.15,37.21,80172.89,-0.04,-0.1,37.65,36.816,37.772,79787.24,114510.2,115546.25,0.75
2021-04-01,37.66,38.25,38.19,37.32,63267.27,0.52,1.38,37.158,36.786,37.938,89696.31,118364.47,116501.29,0.59
2021-03-31,37.32,37.77,37.67,36.5,70224.68,0.35,0.94,36.77,37.046,38.104,110803.5,123260.91,119949.89,0.66
2021-03-30,36.86,38.0,37.32,36.72,91552.63,0.4,1.08,35.966,37.159,38.385,133896.01,122186.24,121045.99,0.86
2021-03-29,35.88,37.44,36.92,35.67,93718.74,1.23,3.45,35.68,37.313,38.704,150193.76,118861.04,122348.35,0.88
2021-03-26,36.23,36.42,35.69,34.95,129718.25,-0.56,-1.54,35.982,37.518,39.092,149233.15,117392.42,124280.95,1.22
2021-03-25,33.8,36.59,36.25,33.13,168803.2,2.6,7.73,36.414,37.929,39.488,147032.63,117591.85,125568.03,1.59
2021-03-24,35.71,35.71,33.65,33.1,185687.23,-2.24,-6.24,37.322,38.031,39.868,135718.32,111439.25,127050.37,1.75
2021-03-23,38.89,39.0,35.89,35.17,173041.38,-2.54,-6.61,38.352,38.373,40.317,110476.46,105901.55,127661.73,1.63
2021-03-22,38.3,40.53,38.43,38.16,88915.71,0.58,1.53,38.946,38.491,40.89,87528.32,113880.45,129622.37,0.84
2021-03-19,39.7,40.1,37.85,37.6,118715.64,-2.94,-7.21,39.054,38.727,41.32,85551.68,116582.3,134555.65,1.12
2021-03-18,38.88,41.07,40.79,38.61,112231.66,1.99,5.13,39.444,39.09,41.727,88151.07,114638.1,141328.21,1.05
2021-03-17,38.51,39.19,38.8,37.91,59477.91,-0.06,-0.15,38.74,39.161,42.111,87160.17,116638.87,145039.0,0.56
2021-03-16,39.26,39.38,38.86,37.91,58300.67,-0.11,-0.28,38.394,39.61,42.464,101326.65,119905.74,150622.35,0.55
2021-03-15,39.95,40.15,38.97,38.38,79032.54,-0.83,-2.08,38.036,40.095,42.771,140232.59,125835.66,159386.57,0.74
2021-03-12,37.8,39.99,39.8,37.7,131712.55,2.53,6.79,38.4,40.665,43.005,147612.92,131169.49,163292.11,1.24
2021-03-11,37.67,37.74,37.27,36.5,107277.19,0.2,0.54,38.736,41.046,42.999,141125.13,133544.21,165955.19,1.01
2021-03-10,38.0,38.7,37.07,37.01,130310.29,0.0,0.0,39.582,41.705,43.159,146117.56,142661.48,170818.58,1.22
2021-03-09,40.86,41.55,37.07,36.81,252830.36,-3.72,-9.12,40.826,42.26,43.365,138484.84,149421.9,174624.54,2.38
2021-03-08,42.19,43.15,40.79,40.79,115934.23,-0.69,-1.66,42.154,43.288,43.601,111438.73,145364.3,173374.08,1.09
2021-03-05,41.1,42.44,41.48,41.05,99273.59,-0.02,-0.05,42.93,43.912,43.496,114726.05,152528.99,179239.59,0.93
2021-03-04,42.9,43.39,41.5,40.79,132239.34,-1.79,-4.13,43.356,44.364,43.181,125963.28,168018.31,186532.42,1.24
2021-03-03,43.05,43.94,43.29,42.9,92146.66,-0.42,-0.96,43.828,45.06,42.705,139205.41,173439.13,186135.72,0.87
2021-03-02,45.15,45.22,43.71,42.6,117599.84,-0.96,-2.15,43.694,45.317,42.227,160358.96,181338.96,186452.06,1.11
2021-03-01,44.5,45.28,44.67,42.08,132370.8,1.06,2.43,44.422,45.447,41.7,179289.86,192937.48,186496.35,1.24
2021-02-26,42.6,44.08,43.61,41.18,155459.78,-0.25,-0.57,44.894,45.345,41.161,190331.94,195414.74,186144.22,1.46
2021-02-25,43.5,46.0,43.86,43.37,198449.95,1.24,2.91,45.372,44.952,40.574,210073.34,198366.16,182004.14,1.87
2021-02-24,47.39,47.62,42.62,42.62,197914.44,-4.73,-9.99,46.292,44.613,39.956,207672.85,198975.67,176812.31,1.86
2021-02-23,46.99,47.47,47.35,43.9,212254.34,0.32,0.68,46.94,44.47,39.368,202318.95,199827.19,170745.97,1.99
2021-02-22,45.0,47.68,47.03,44.91,187581.2,1.03,2.24,46.472,43.913,38.501,206585.1,201383.86,164907.47,1.76
2021-02-19,47.26,48.3,46.0,43.61,254166.77,-2.46,-5.08,45.796,43.08,37.647,200497.53,205950.19,161326.59,2.39
2021-02-18,48.16,48.99,48.46,46.2,186447.52,2.6,5.67,44.532,41.998,36.787,186658.99,205046.53,156938.93,1.75
2021-02-10,44.74,46.1,45.86,43.17,171144.91,0.85,1.89,42.934,40.35,35.836,190278.48,198832.31,153223.87,1.61
2021-02-09,45.0,46.18,45.01,43.61,233585.12,1.36,3.12,42.0,39.137,35.076,197335.43,191565.16,150482.25,2.2
2021-02-08,40.15,43.65,43.65,39.65,157143.34,3.97,10.01,41.354,37.953,34.396,196182.61,180055.22,143817.75,1.48
2021-02-05,41.29,42.68,39.68,39.66,184974.05,-0.79,-1.95,40.364,36.976,33.726,211402.85,176873.71,143679.71,1.74
2021-02-04,41.0,43.21,40.47,40.3,204545.0,-0.72,-1.75,39.464,36.196,33.247,223434.07,165642.12,140979.76,1.92
2021-02-03,40.5,41.63,41.19,39.99,206429.64,-0.59,-1.41,37.766,35.299,32.716,207386.14,154648.95,138154.49,1.94
2021-02-02,39.47,42.49,41.78,39.47,227821.02,3.08,7.96,36.274,34.265,32.09,185794.88,141664.74,136001.02,2.14
2021-02-01,35.71,38.7,38.7,35.35,233244.56,3.52,10.01,34.552,33.089,31.376,163927.83,128431.08,131502.45,2.19
2021-01-29,33.95,35.18,35.18,33.8,245130.12,3.2,10.01,33.588,32.214,30.741,142344.56,116702.99,124702.68,2.3
2021-01-28,33.29,33.78,31.98,31.8,124305.38,-1.75,-5.19,32.928,31.575,30.288,107850.17,108831.33,116314.58,1.17
2021-01-27,33.51,34.17,33.73,32.67,98473.34,0.56,1.69,32.832,31.321,30.001,101911.76,107615.43,112956.44,0.93
2021-01-26,33.77,34.33,33.17,32.69,118485.75,-0.71,-2.1,32.256,31.015,29.645,97534.6,109399.34,114647.58,1.11
2021-01-25,31.9,34.11,33.88,31.9,125328.22,2.0,6.27,31.626,30.838,29.355,92934.33,107580.28,116466.41,1.18
2021-01-22,31.39,32.15,31.88,31.32,72658.15,0.38,1.21,30.84,30.476,29.002,91061.41,110485.71,114885.71,0.68
2021-01-21,30.88,31.87,31.5,30.87,94613.35,0.65,2.11,30.222,30.298,28.69,109812.5,116317.39,114054.04,0.89
2021-01-20,30.07,31.16,30.85,30.01,76587.55,0.83,2.77,29.81,30.132,28.426,113319.09,121660.03,113656.54,0.72
2021-01-19,30.12,31.0,30.02,29.74,95484.38,0.07,0.23,29.774,29.914,28.167,121264.08,130337.3,119224.77,0.9
2021-01-18,28.73,30.28,29.95,28.37,115963.62,1.16,4.03,30.05,29.662,27.994,122226.22,134573.81,120037.61,1.09
2021-01-15,29.55,29.65,28.79,27.93,166413.59,-0.65,-2.21,30.112,29.267,27.806,129910.01,132702.36,118950.71,1.56
2021-01-14,30.39,30.95,29.44,29.35,112146.33,-1.23,-4.01,30.374,29.0,27.668,122822.29,123797.82,114707.82,1.05
2021-01-13,31.53,31.9,30.67,30.36,116312.46,-0.73,-2.33,30.454,28.681,27.477,130000.97,118297.44,111851.62,1.09
2021-01-12,30.2,31.72,31.4,29.91,100295.11,1.14,3.77,30.054,28.274,27.231,139410.52,119895.82,109917.21,0.94
2021-01-11,30.1,31.33,30.26,29.7,154382.55,0.16,0.53,29.274,27.872,26.916,146921.4,125352.55,108806.89,1.45
2021-01-08,30.51,30.7,30.1,29.2,130975.0,0.26,0.87,28.422,27.527,26.67,135494.72,119285.71,109219.11,1.23
2021-01-07,28.78,30.1,29.84,28.78,148039.73,1.17,4.08,27.626,27.082,26.458,124773.36,111790.68,112749.32,1.39
2021-01-06,27.63,29.21,28.67,27.63,163360.2,1.17,4.25,26.908,26.72,26.223,106593.92,105653.05,111120.02,1.54
2021-01-05,25.85,27.7,27.5,25.37,137849.52,1.5,5.77,26.494,26.42,26.054,100381.11,108112.25,107942.76,1.3
2021-01-04,26.3,26.58,26.0,25.74,97249.15,-0.12,-0.46,26.47,26.325,25.953,103783.69,105501.4,107341.69,0.91
2020-12-31,26.43,26.53,26.12,25.6,77368.18,-0.13,-0.49,26.632,26.344,25.938,103076.71,105199.06,107877.06,0.73
2020-12-30,26.3,26.63,26.25,26.12,57142.53,-0.35,-1.32,26.538,26.335,25.908,98808.01,105617.83,110923.35,0.54
2020-12-29,27.4,27.66,26.6,25.92,132296.19,-0.78,-2.85,26.532,26.272,25.887,104712.18,105405.79,117101.61,1.24
2020-12-28,26.84,27.83,27.38,26.38,154862.42,0.57,2.13,26.346,26.188,25.893,115843.38,99938.61,116516.28,1.46
2020-12-25,25.76,26.95,26.81,25.48,93714.21,1.16,4.52,26.18,25.96,25.818,107219.11,92261.24,116398.78,0.88
2020-12-24,26.04,26.39,25.65,25.65,56024.7,-0.57,-2.17,26.056,25.812,25.807,107321.41,99152.51,116288.87,0.53
2020-12-23,25.8,26.5,26.22,25.74,86663.38,0.55,2.14,26.132,25.833,25.826,112427.64,113707.96,118489.17,0.81
2020-12-22,26.38,26.38,25.67,24.63,187952.2,-0.88,-3.31,26.012,25.725,25.822,106099.41,116586.98,123829.26,1.77
2020-12-21,26.19,26.68,26.55,25.96,111741.05,0.36,1.38,26.03,25.688,25.912,84033.84,107773.28,118425.19,1.05
2020-12-18,26.06,26.54,26.19,25.73,94225.73,0.16,0.61,25.74,25.58,25.941,77303.37,109181.98,120155.64,0.89
2020-12-17,25.74,26.36,26.03,25.5,81555.84,0.41,1.6,25.568,25.531,25.927,90983.62,110555.06,121520.38,0.77
2020-12-16,25.66,26.1,25.62,25.54,55022.21,-0.14,-0.54,25.534,25.48,25.922,114988.29,116228.87,123740.63,0.52
2020-12-15,25.05,25.82,25.76,24.75,77624.38,0.66,2.63,25.438,25.502,25.939,127074.56,128797.44,127782.89,0.73
2020-12-14,25.24,25.82,25.1,24.87,78088.71,-0.23,-0.91,25.346,25.598,25.951,131512.71,133093.96,130917.79,0.73
2020-12-11,26.28,26.54,25.33,24.85,162626.94,-0.53,-2.05,25.42,25.675,26.007,141060.59,140536.32,134439.73,1.53
2020-12-10,25.26,26.66,25.86,25.2,201579.2,0.72,2.86,25.494,25.802,26.056,130126.51,133425.23,132426.36,1.89
2020-12-09,25.5,25.9,25.14,25.03,115453.57,-0.16,-0.63,25.426,25.819,26.071,117469.45,123270.38,127106.91,1.08
2020-12-08,25.48,25.8,25.3,25.11,99815.13,-0.17,-0.67,25.566,25.918,26.148,130520.31,131071.54,128078.02,0.94
2020-12-07,25.81,25.91,25.47,24.86,125828.1,-0.23,-0.9,25.85,26.136,26.225,134675.2,129077.1,130647.38,1.18
2020-12-04,25.5,25.76,25.7,25.22,107956.55,0.18,0.7,25.93,26.301,26.301,140012.06,131129.31,131129.31,1.01
2020-12-03,25.98,25.98,25.52,25.11,138293.89,-0.32,-1.24,26.11,26.368,26.368,136723.94,133704.06,133704.06,1.3
2020-12-02,26.88,26.95,25.84,25.52,180707.88,-0.88,-3.29,26.212,26.474,26.474,129071.32,133130.33,133130.33,1.7
2020-12-01,26.0,26.83,26.72,25.63,120589.58,0.85,3.29,26.27,26.564,26.564,131622.77,126333.53,126333.53,1.13
2020-11-30,26.33,26.9,25.87,25.67,152512.38,-0.73,-2.74,26.422,26.538,26.538,123479.0,127290.86,127290.86,1.43
2020-11-27,26.02,26.62,26.6,25.8,91515.98,0.57,2.19,26.672,26.672,26.672,122246.55,122246.55,122246.55,0.86
2020-11-26,26.37,26.39,26.03,25.36,100030.77,-0.1,-0.38,26.69,26.69,26.69,129929.2,129929.2,129929.2,0.94
2020-11-25,27.99,28.1,26.13,26.05,193465.14,-1.35,-4.91,26.91,26.91,26.91,139895.34,139895.34,139895.34,1.82
2020-11-24,27.15,27.53,27.48,26.6,79870.72,0.36,1.33,27.3,27.3,27.3,113110.44,113110.44,113110.44,0.75
2020-11-23,26.27,27.77,27.12,26.03,146350.16,1.09,4.19,27.12,27.12,27.12,146350.16,146350.16,146350.16,1.38
