Date,SecuritiesCode,Rank
2021-12-06,1301,950
2021-12-06,1332,273
2021-12-06,1333,1111
2021-12-06,1375,1654
2021-12-06,1376,1577
2021-12-06,1377,508
2021-12-06,1379,1445
2021-12-06,1381,856
2021-12-06,1407,190
2021-12-06,1413,1352
2021-12-06,1414,263
2021-12-06,1417,1158
2021-12-06,1419,982
2021-12-06,1429,1813
2021-12-06,1431,1809
2021-12-06,1435,1837
2021-12-06,1515,258
2021-12-06,1518,68
2021-12-06,1605,6
2021-12-06,1662,781
2021-12-06,1663,1606
2021-12-06,1712,1378
2021-12-06,1716,1686
2021-12-06,1719,1340
2021-12-06,1720,1717
2021-12-06,1721,447
2021-12-06,1723,1459
2021-12-06,1726,1858
2021-12-06,1762,1416
2021-12-06,1766,1077
2021-12-06,1775,1165
2021-12-06,1780,1790
2021-12-06,1787,1493
2021-12-06,1793,305
2021-12-06,1799,1492
2021-12-06,1801,179
2021-12-06,1802,98
2021-12-06,1803,111
2021-12-06,1805,1742
2021-12-06,1808,771
2021-12-06,1810,1847
2021-12-06,1811,623
2021-12-06,1812,272
2021-12-06,1813,1545
2021-12-06,1814,1697
2021-12-06,1815,1503
2021-12-06,1820,301
2021-12-06,1821,1288
2021-12-06,1822,613
2021-12-06,1833,709
2021-12-06,1835,1228
2021-12-06,1852,217
2021-12-06,1860,1639
2021-12-06,1861,768
2021-12-06,1870,1848
2021-12-06,1871,1833
2021-12-06,1873,1854
2021-12-06,1878,1984
2021-12-06,1879,1828
2021-12-06,1882,434
2021-12-06,1884,477
2021-12-06,1885,1132
2021-12-06,1887,1786
2021-12-06,1888,1397
2021-12-06,1890,1792
2021-12-06,1893,779
2021-12-06,1898,1781
2021-12-06,1899,407
2021-12-06,1911,427
2021-12-06,1914,1868
2021-12-06,1921,1895
2021-12-06,1925,89
2021-12-06,1926,1185
2021-12-06,1928,126
2021-12-06,1929,1829
2021-12-06,1930,1726
2021-12-06,1934,1842
2021-12-06,1938,1655
2021-12-06,1939,1587
2021-12-06,1941,1284
2021-12-06,1942,1702
2021-12-06,1944,1265
2021-12-06,1945,1748
2021-12-06,1946,828
2021-12-06,1949,1382
2021-12-06,1950,1538
2021-12-06,1951,775
2021-12-06,1952,1356
2021-12-06,1954,780
2021-12-06,1959,562
2021-12-06,1961,1561
2021-12-06,1963,553
2021-12-06,1965,1812
2021-12-06,1967,1823
2021-12-06,1968,1048
2021-12-06,1969,1294
2021-12-06,1973,1092
2021-12-06,1975,1075
2021-12-06,1976,1736
2021-12-06,1979,806
2021-12-06,1980,1305
2021-12-06,1981,1678
2021-12-06,1982,1362
2021-12-06,2001,1509
2021-12-06,2002,827
2021-12-06,2003,698
2021-12-06,2004,1073
2021-12-06,2009,1844
2021-12-06,2053,1712
2021-12-06,2060,1832
2021-12-06,2108,1584
2021-12-06,2109,1436
2021-12-06,2114,1893
2021-12-06,2117,1558
2021-12-06,2120,1589
2021-12-06,2121,1072
2021-12-06,2124,1308
2021-12-06,2127,251
2021-12-06,2130,1212
2021-12-06,2146,467
2021-12-06,2148,1301
2021-12-06,2150,1322
2021-12-06,2153,1659
2021-12-06,2154,1116
2021-12-06,2157,1222
2021-12-06,2158,21
2021-12-06,2160,1070
2021-12-06,2168,621
2021-12-06,2170,1290
2021-12-06,2175,349
2021-12-06,2181,235
2021-12-06,2183,1814
2021-12-06,2185,1672
2021-12-06,2193,1727
2021-12-06,2198,1886
2021-12-06,2201,578
2021-12-06,2204,655
2021-12-06,2206,480
2021-12-06,2207,1575
2021-12-06,2208,1358
2021-12-06,2209,1330
2021-12-06,2211,1188
2021-12-06,2212,879
2021-12-06,2217,338
2021-12-06,2220,449
2021-12-06,2221,605
2021-12-06,2222,727
2021-12-06,2226,333
2021-12-06,2229,452
2021-12-06,2264,306
2021-12-06,2266,1608
2021-12-06,2267,124
2021-12-06,2268,473
2021-12-06,2269,180
2021-12-06,2270,1302
2021-12-06,2281,1064
2021-12-06,2282,116
2021-12-06,2288,1560
2021-12-06,2292,753
2021-12-06,2294,1113
2021-12-06,2296,1647
2021-12-06,2301,1677
2021-12-06,2305,1347
2021-12-06,2307,1620
2021-12-06,2309,1602
2021-12-06,2315,57
2021-12-06,2317,1977
2021-12-06,2325,1477
2021-12-06,2326,1516
2021-12-06,2327,634
2021-12-06,2329,1869
2021-12-06,2331,236
2021-12-06,2335,1802
2021-12-06,2337,1401
2021-12-06,2349,1622
2021-12-06,2353,496
2021-12-06,2359,1569
2021-12-06,2371,394
2021-12-06,2372,1529
2021-12-06,2374,1834
2021-12-06,2378,1666
2021-12-06,2379,489
2021-12-06,2384,576
2021-12-06,2389,1517
2021-12-06,2393,1650
2021-12-06,2395,93
2021-12-06,2412,100
2021-12-06,2413,47
2021-12-06,2418,1891
2021-12-06,2427,256
2021-12-06,2429,1090
2021-12-06,2432,927
2021-12-06,2433,896
2021-12-06,2440,1293
2021-12-06,2445,1901
2021-12-06,2453,1783
2021-12-06,2461,1885
2021-12-06,2462,1068
2021-12-06,2469,1670
2021-12-06,2471,1190
2021-12-06,2475,797
2021-12-06,2477,497
2021-12-06,2484,486
2021-12-06,2489,1336
2021-12-06,2491,322
2021-12-06,2492,1234
2021-12-06,2497,1369
2021-12-06,2498,884
2021-12-06,2501,1000
2021-12-06,2502,73
2021-12-06,2503,48
2021-12-06,2531,1181
2021-12-06,2533,1904
2021-12-06,2540,1528
2021-12-06,2573,468
2021-12-06,2579,858
2021-12-06,2587,261
2021-12-06,2588,1069
2021-12-06,2590,404
2021-12-06,2593,1061
2021-12-06,2594,1327
2021-12-06,2602,931
2021-12-06,2607,955
2021-12-06,2612,510
2021-12-06,2613,1542
2021-12-06,2651,206
2021-12-06,2653,1413
2021-12-06,2659,527
2021-12-06,2664,1249
2021-12-06,2669,1031
2021-12-06,2670,150
2021-12-06,2676,1693
2021-12-06,2678,1237
2021-12-06,2681,1645
2021-12-06,2685,1206
2021-12-06,2686,1903
2021-12-06,2692,454
2021-12-06,2694,1761
2021-12-06,2695,635
2021-12-06,2698,1024
2021-12-06,2702,166
2021-12-06,2705,1126
2021-12-06,2715,1732
2021-12-06,2726,1527
2021-12-06,2729,3
2021-12-06,2730,1438
2021-12-06,2733,516
2021-12-06,2734,1658
2021-12-06,2737,509
2021-12-06,2742,1011
2021-12-06,2749,1876
2021-12-06,2751,1326
2021-12-06,2752,1612
2021-12-06,2753,992
2021-12-06,2760,457
2021-12-06,2761,350
2021-12-06,2763,1737
2021-12-06,2767,1859
2021-12-06,2768,132
2021-12-06,2780,1630
2021-12-06,2782,440
2021-12-06,2784,722
2021-12-06,2790,1552
2021-12-06,2791,425
2021-12-06,2792,1555
2021-12-06,2801,611
2021-12-06,2802,58
2021-12-06,2804,1427
2021-12-06,2805,570
2021-12-06,2806,1479
2021-12-06,2809,420
2021-12-06,2810,675
2021-12-06,2811,696
2021-12-06,2814,1568
2021-12-06,2815,387
2021-12-06,2819,1332
2021-12-06,2830,1094
2021-12-06,2831,979
2021-12-06,2871,487
2021-12-06,2874,1774
2021-12-06,2875,189
2021-12-06,2882,1361
2021-12-06,2884,1860
2021-12-06,2897,464
2021-12-06,2899,1395
2021-12-06,2904,1825
2021-12-06,2908,1454
2021-12-06,2910,1448
2021-12-06,2914,18
2021-12-06,2915,1679
2021-12-06,2918,1415
2021-12-06,2922,1471
2021-12-06,2923,386
2021-12-06,2925,1499
2021-12-06,2929,313
2021-12-06,2930,1625
2021-12-06,2931,385
2021-12-06,2932,1033
2021-12-06,2975,1480
2021-12-06,2980,841
2021-12-06,2987,663
2021-12-06,3001,4
2021-12-06,3002,551
2021-12-06,3003,54
2021-12-06,3028,1128
2021-12-06,3031,1417
2021-12-06,3034,1598
2021-12-06,3036,1440
2021-12-06,3038,80
2021-12-06,3040,1707
2021-12-06,3046,381
2021-12-06,3048,1295
2021-12-06,3050,1554
2021-12-06,3064,171
2021-12-06,3075,1759
2021-12-06,3076,1338
2021-12-06,3085,1157
2021-12-06,3086,382
2021-12-06,3087,1486
2021-12-06,3088,191
2021-12-06,3091,1192
2021-12-06,3092,135
2021-12-06,3097,460
2021-12-06,3099,139
2021-12-06,3101,1429
2021-12-06,3103,1684
2021-12-06,3104,571
2021-12-06,3105,869
2021-12-06,3106,1465
2021-12-06,3107,1254
2021-12-06,3110,1042
2021-12-06,3116,475
2021-12-06,3132,907
2021-12-06,3134,1687
2021-12-06,3139,671
2021-12-06,3141,315
2021-12-06,3148,499
2021-12-06,3150,998
2021-12-06,3151,1788
2021-12-06,3153,1797
2021-12-06,3154,1801
2021-12-06,3156,1419
2021-12-06,3157,1784
2021-12-06,3159,1908
2021-12-06,3166,1711
2021-12-06,3167,1668
2021-12-06,3176,1763
2021-12-06,3178,1692
2021-12-06,3179,1701
2021-12-06,3180,888
2021-12-06,3182,483
2021-12-06,3183,1777
2021-12-06,3186,679
2021-12-06,3191,1450
2021-12-06,3193,1470
2021-12-06,3196,1661
2021-12-06,3197,162
2021-12-06,3198,1643
2021-12-06,3199,1690
2021-12-06,3201,1481
2021-12-06,3221,1418
2021-12-06,3222,1706
2021-12-06,3228,1540
2021-12-06,3231,348
2021-12-06,3232,1882
2021-12-06,3244,187
2021-12-06,3245,1836
2021-12-06,3252,1469
2021-12-06,3254,1324
2021-12-06,3264,1789
2021-12-06,3276,1733
2021-12-06,3284,1835
2021-12-06,3288,134
2021-12-06,3289,84
2021-12-06,3291,620
2021-12-06,3302,1396
2021-12-06,3315,83
2021-12-06,3319,1688
2021-12-06,3328,915
2021-12-06,3333,1599
2021-12-06,3341,1614
2021-12-06,3349,1994
2021-12-06,3355,1735
2021-12-06,3360,925
2021-12-06,3361,1830
2021-12-06,3371,372
2021-12-06,3377,1495
2021-12-06,3382,59
2021-12-06,3387,131
2021-12-06,3388,1710
2021-12-06,3391,1104
2021-12-06,3395,1605
2021-12-06,3397,198
2021-12-06,3401,431
2021-12-06,3402,25
2021-12-06,3405,108
2021-12-06,3407,53
2021-12-06,3415,1745
2021-12-06,3421,1664
2021-12-06,3431,873
2021-12-06,3433,1351
2021-12-06,3436,11
2021-12-06,3443,619
2021-12-06,3445,507
2021-12-06,3449,1757
2021-12-06,3457,1720
2021-12-06,3458,1390
2021-12-06,3465,956
2021-12-06,3475,1880
2021-12-06,3479,1334
2021-12-06,3480,1217
2021-12-06,3482,1716
2021-12-06,3484,1822
2021-12-06,3491,1452
2021-12-06,3496,316
2021-12-06,3498,399
2021-12-06,3539,1489
2021-12-06,3540,1
2021-12-06,3543,1266
2021-12-06,3546,1738
2021-12-06,3547,1205
2021-12-06,3548,1820
2021-12-06,3549,287
2021-12-06,3553,1872
2021-12-06,3558,1660
2021-12-06,3561,1863
2021-12-06,3563,186
2021-12-06,3569,877
2021-12-06,3580,1673
2021-12-06,3591,1258
2021-12-06,3593,791
2021-12-06,3597,345
2021-12-06,3608,1714
2021-12-06,3612,1534
2021-12-06,3626,231
2021-12-06,3628,1514
2021-12-06,3632,67
2021-12-06,3635,250
2021-12-06,3636,530
2021-12-06,3648,1831
2021-12-06,3649,1756
2021-12-06,3656,1457
2021-12-06,3657,1747
2021-12-06,3659,56
2021-12-06,3660,1746
2021-12-06,3662,1424
2021-12-06,3663,1238
2021-12-06,3665,1523
2021-12-06,3668,1649
2021-12-06,3673,1590
2021-12-06,3675,1268
2021-12-06,3676,1105
2021-12-06,3677,1778
2021-12-06,3678,293
2021-12-06,3679,1280
2021-12-06,3681,266
2021-12-06,3687,1773
2021-12-06,3688,1261
2021-12-06,3694,1567
2021-12-06,3696,1115
2021-12-06,3697,1999
2021-12-06,3708,514
2021-12-06,3733,1959
2021-12-06,3738,1464
2021-12-06,3762,1187
2021-12-06,3763,1597
2021-12-06,3765,259
2021-12-06,3769,1991
2021-12-06,3771,1559
2021-12-06,3772,938
2021-12-06,3774,226
2021-12-06,3778,1850
2021-12-06,3784,1840
2021-12-06,3788,786
2021-12-06,3798,540
2021-12-06,3800,1497
2021-12-06,3817,1043
2021-12-06,3825,76
2021-12-06,3834,1855
2021-12-06,3835,1758
2021-12-06,3836,1651
2021-12-06,3837,1521
2021-12-06,3843,1675
2021-12-06,3844,592
2021-12-06,3853,1698
2021-12-06,3854,1576
2021-12-06,3856,905
2021-12-06,3857,1811
2021-12-06,3861,60
2021-12-06,3863,1027
2021-12-06,3865,1518
2021-12-06,3880,1300
2021-12-06,3891,1026
2021-12-06,3900,1700
2021-12-06,3901,1124
2021-12-06,3902,1544
2021-12-06,3903,1379
2021-12-06,3906,523
2021-12-06,3914,1140
2021-12-06,3915,1236
2021-12-06,3916,1627
2021-12-06,3919,2
2021-12-06,3921,1674
2021-12-06,3922,852
2021-12-06,3923,303
2021-12-06,3925,845
2021-12-06,3926,963
2021-12-06,3932,1055
2021-12-06,3934,1145
2021-12-06,3937,1174
2021-12-06,3939,1843
2021-12-06,3941,965
2021-12-06,3946,1125
2021-12-06,3950,1381
2021-12-06,3951,823
2021-12-06,3962,268
2021-12-06,3964,1282
2021-12-06,3966,1080
2021-12-06,3969,1318
2021-12-06,3978,735
2021-12-06,3983,1507
2021-12-06,3984,1163
2021-12-06,3990,757
2021-12-06,3993,885
2021-12-06,3994,1853
2021-12-06,4004,199
2021-12-06,4005,16
2021-12-06,4008,1426
2021-12-06,4021,1653
2021-12-06,4023,1816
2021-12-06,4025,1867
2021-12-06,4026,1119
2021-12-06,4027,969
2021-12-06,4028,741
2021-12-06,4041,1456
2021-12-06,4042,321
2021-12-06,4043,695
2021-12-06,4044,1107
2021-12-06,4045,773
2021-12-06,4046,1337
2021-12-06,4047,748
2021-12-06,4051,1990
2021-12-06,4053,1434
2021-12-06,4054,790
2021-12-06,4056,1255
2021-12-06,4058,1331
2021-12-06,4061,1345
2021-12-06,4062,844
2021-12-06,4063,1932
2021-12-06,4078,1015
2021-12-06,4080,227
2021-12-06,4082,949
2021-12-06,4088,479
2021-12-06,4091,587
2021-12-06,4092,1353
2021-12-06,4094,990
2021-12-06,4095,809
2021-12-06,4097,755
2021-12-06,4099,986
2021-12-06,4100,1462
2021-12-06,4107,1609
2021-12-06,4109,1341
2021-12-06,4112,1669
2021-12-06,4113,1089
2021-12-06,4114,1780
2021-12-06,4116,1204
2021-12-06,4118,1551
2021-12-06,4151,723
2021-12-06,4165,1215
2021-12-06,4167,1384
2021-12-06,4168,1818
2021-12-06,4169,1014
2021-12-06,4182,364
2021-12-06,4183,469
2021-12-06,4185,1209
2021-12-06,4186,1819
2021-12-06,4187,1013
2021-12-06,4188,27
2021-12-06,4189,1365
2021-12-06,4202,245
2021-12-06,4203,1631
2021-12-06,4204,311
2021-12-06,4205,441
2021-12-06,4206,1458
2021-12-06,4208,731
2021-12-06,4212,1178
2021-12-06,4215,632
2021-12-06,4216,973
2021-12-06,4218,1137
2021-12-06,4220,661
2021-12-06,4221,1202
2021-12-06,4228,640
2021-12-06,4229,1478
2021-12-06,4235,1279
2021-12-06,4238,1063
2021-12-06,4246,569
2021-12-06,4249,1103
2021-12-06,4251,1729
2021-12-06,4272,566
2021-12-06,4275,712
2021-12-06,4286,1010
2021-12-06,4290,561
2021-12-06,4293,85
2021-12-06,4298,970
2021-12-06,4301,1131
2021-12-06,4307,799
2021-12-06,4308,595
2021-12-06,4310,645
2021-12-06,4312,617
2021-12-06,4318,993
2021-12-06,4323,1349
2021-12-06,4324,900
2021-12-06,4326,1153
2021-12-06,4327,1278
2021-12-06,4337,1604
2021-12-06,4343,1093
2021-12-06,4344,159
2021-12-06,4345,758
2021-12-06,4348,1021
2021-12-06,4350,665
2021-12-06,4362,1139
2021-12-06,4365,1927
2021-12-06,4368,1741
2021-12-06,4369,1386
2021-12-06,4382,1088
2021-12-06,4384,1841
2021-12-06,4385,1227
2021-12-06,4390,1007
2021-12-06,4401,1149
2021-12-06,4403,1633
2021-12-06,4410,812
2021-12-06,4423,999
2021-12-06,4425,1501
2021-12-06,4431,1474
2021-12-06,4433,1277
2021-12-06,4434,1648
2021-12-06,4435,1423
2021-12-06,4436,1360
2021-12-06,4443,1988
2021-12-06,4446,946
2021-12-06,4448,673
2021-12-06,4449,1374
2021-12-06,4452,630
2021-12-06,4461,1483
2021-12-06,4462,1008
2021-12-06,4463,833
2021-12-06,4464,960
2021-12-06,4471,1749
2021-12-06,4475,1260
2021-12-06,4477,35
2021-12-06,4478,1916
2021-12-06,4479,1600
2021-12-06,4480,1303
2021-12-06,4481,1591
2021-12-06,4482,826
2021-12-06,4483,1862
2021-12-06,4485,1922
2021-12-06,4488,1887
2021-12-06,4490,1883
2021-12-06,4493,1251
2021-12-06,4495,1407
2021-12-06,4499,1824
2021-12-06,4502,30
2021-12-06,4503,69
2021-12-06,4506,208
2021-12-06,4507,668
2021-12-06,4516,1907
2021-12-06,4519,140
2021-12-06,4521,1580
2021-12-06,4523,1245
2021-12-06,4526,1047
2021-12-06,4527,1328
2021-12-06,4528,347
2021-12-06,4530,1097
2021-12-06,4534,1430
2021-12-06,4536,327
2021-12-06,4538,1404
2021-12-06,4540,1443
2021-12-06,4541,432
2021-12-06,4543,281
2021-12-06,4544,1101
2021-12-06,4547,1129
2021-12-06,4548,801
2021-12-06,4549,1034
2021-12-06,4550,861
2021-12-06,4551,1400
2021-12-06,4552,937
2021-12-06,4553,1199
2021-12-06,4554,891
2021-12-06,4559,1142
2021-12-06,4563,114
2021-12-06,4565,222
2021-12-06,4568,86
2021-12-06,4569,995
2021-12-06,4571,292
2021-12-06,4572,821
2021-12-06,4574,559
2021-12-06,4577,789
2021-12-06,4578,564
2021-12-06,4579,793
2021-12-06,4581,1754
2021-12-06,4582,45
2021-12-06,4584,593
2021-12-06,4587,138
2021-12-06,4592,597
2021-12-06,4593,887
2021-12-06,4595,1287
2021-12-06,4599,590
2021-12-06,4611,788
2021-12-06,4612,133
2021-12-06,4613,792
2021-12-06,4617,667
2021-12-06,4619,818
2021-12-06,4620,674
2021-12-06,4621,819
2021-12-06,4626,1437
2021-12-06,4628,1998
2021-12-06,4631,1329
2021-12-06,4633,822
2021-12-06,4634,1095
2021-12-06,4636,769
2021-12-06,4641,1179
2021-12-06,4658,767
2021-12-06,4659,1410
2021-12-06,4661,1943
2021-12-06,4662,831
2021-12-06,4665,1311
2021-12-06,4666,448
2021-12-06,4668,636
2021-12-06,4671,1108
2021-12-06,4674,1208
2021-12-06,4676,525
2021-12-06,4680,283
2021-12-06,4681,825
2021-12-06,4684,1987
2021-12-06,4686,1772
2021-12-06,4687,981
2021-12-06,4689,7
2021-12-06,4694,1519
2021-12-06,4699,43
2021-12-06,4704,1593
2021-12-06,4708,795
2021-12-06,4709,816
2021-12-06,4714,309
2021-12-06,4716,1898
2021-12-06,4718,847
2021-12-06,4719,1582
2021-12-06,4722,1453
2021-12-06,4725,1076
2021-12-06,4726,1405
2021-12-06,4732,406
2021-12-06,4733,1667
2021-12-06,4739,1167
2021-12-06,4743,737
2021-12-06,4745,639
2021-12-06,4746,1721
2021-12-06,4751,42
2021-12-06,4755,41
2021-12-06,4763,1169
2021-12-06,4765,580
2021-12-06,4767,552
2021-12-06,4768,1482
2021-12-06,4771,1219
2021-12-06,4772,582
2021-12-06,4776,1171
2021-12-06,4781,910
2021-12-06,4792,923
2021-12-06,4800,870
2021-12-06,4801,1320
2021-12-06,4809,1084
2021-12-06,4812,1541
2021-12-06,4813,749
2021-12-06,4816,1963
2021-12-06,4819,1709
2021-12-06,4820,759
2021-12-06,4825,1134
2021-12-06,4826,808
2021-12-06,4828,1543
2021-12-06,4832,1136
2021-12-06,4837,501
2021-12-06,4839,1162
2021-12-06,4847,699
2021-12-06,4848,1412
2021-12-06,4849,1366
2021-12-06,4880,583
2021-12-06,4883,610
2021-12-06,4901,1050
2021-12-06,4902,26
2021-12-06,4911,1081
2021-12-06,4912,230
2021-12-06,4914,1377
2021-12-06,4917,909
2021-12-06,4919,1728
2021-12-06,4921,1243
2021-12-06,4922,1954
2021-12-06,4923,1038
2021-12-06,4927,865
2021-12-06,4928,1739
2021-12-06,4931,929
2021-12-06,4933,1546
2021-12-06,4934,1941
2021-12-06,4951,1004
2021-12-06,4955,932
2021-12-06,4956,1079
2021-12-06,4958,1402
2021-12-06,4963,750
2021-12-06,4966,1715
2021-12-06,4967,1889
2021-12-06,4968,933
2021-12-06,4970,1978
2021-12-06,4971,1513
2021-12-06,4973,1346
2021-12-06,4974,1189
2021-12-06,4975,1656
2021-12-06,4978,117
2021-12-06,4980,1001
2021-12-06,4985,1894
2021-12-06,4992,608
2021-12-06,4994,1451
2021-12-06,4996,591
2021-12-06,4997,539
2021-12-06,4998,940
2021-12-06,5008,1348
2021-12-06,5011,774
2021-12-06,5013,899
2021-12-06,5015,1016
2021-12-06,5017,351
2021-12-06,5019,500
2021-12-06,5020,10
2021-12-06,5021,881
2021-12-06,5101,804
2021-12-06,5105,676
2021-12-06,5108,433
2021-12-06,5110,384
2021-12-06,5121,586
2021-12-06,5122,1585
2021-12-06,5142,961
2021-12-06,5161,1019
2021-12-06,5184,1133
2021-12-06,5185,853
2021-12-06,5186,1309
2021-12-06,5191,669
2021-12-06,5192,1156
2021-12-06,5195,744
2021-12-06,5201,1012
2021-12-06,5202,221
2021-12-06,5208,739
2021-12-06,5214,485
2021-12-06,5217,1996
2021-12-06,5218,765
2021-12-06,5232,1304
2021-12-06,5233,875
2021-12-06,5261,1636
2021-12-06,5262,754
2021-12-06,5269,555
2021-12-06,5273,1852
2021-12-06,5288,628
2021-12-06,5290,1455
2021-12-06,5301,193
2021-12-06,5302,1644
2021-12-06,5304,1856
2021-12-06,5310,1431
2021-12-06,5331,1719
2021-12-06,5332,1505
2021-12-06,5333,361
2021-12-06,5334,352
2021-12-06,5344,1944
2021-12-06,5351,1531
2021-12-06,5352,1640
2021-12-06,5357,941
2021-12-06,5384,1851
2021-12-06,5388,935
2021-12-06,5393,1285
2021-12-06,5401,20
2021-12-06,5406,31
2021-12-06,5408,415
2021-12-06,5410,968
2021-12-06,5411,23
2021-12-06,5423,175
2021-12-06,5440,947
2021-12-06,5444,1536
2021-12-06,5449,785
2021-12-06,5451,1286
2021-12-06,5463,1220
2021-12-06,5464,1394
2021-12-06,5471,1532
2021-12-06,5480,1152
2021-12-06,5481,1029
2021-12-06,5482,1343
2021-12-06,5486,0
2021-12-06,5541,966
2021-12-06,5563,149
2021-12-06,5602,1058
2021-12-06,5631,1223
2021-12-06,5632,685
2021-12-06,5659,1671
2021-12-06,5698,1087
2021-12-06,5702,532
2021-12-06,5703,850
2021-12-06,5706,953
2021-12-06,5707,1057
2021-12-06,5711,596
2021-12-06,5713,652
2021-12-06,5714,1524
2021-12-06,5715,919
2021-12-06,5726,558
2021-12-06,5727,681
2021-12-06,5741,1159
2021-12-06,5757,1473
2021-12-06,5801,916
2021-12-06,5802,101
2021-12-06,5803,123
2021-12-06,5805,1120
2021-12-06,5807,1409
2021-12-06,5809,482
2021-12-06,5821,944
2021-12-06,5851,743
2021-12-06,5857,892
2021-12-06,5901,456
2021-12-06,5902,1041
2021-12-06,5909,866
2021-12-06,5911,1175
2021-12-06,5918,1680
2021-12-06,5929,651
2021-12-06,5930,805
2021-12-06,5932,631
2021-12-06,5933,843
2021-12-06,5938,410
2021-12-06,5943,1056
2021-12-06,5945,1398
2021-12-06,5946,1198
2021-12-06,5947,1917
2021-12-06,5949,535
2021-12-06,5951,796
2021-12-06,5957,711
2021-12-06,5959,693
2021-12-06,5970,997
2021-12-06,5975,871
2021-12-06,5976,648
2021-12-06,5982,1246
2021-12-06,5985,637
2021-12-06,5988,1100
2021-12-06,5989,729
2021-12-06,5991,458
2021-12-06,5992,815
2021-12-06,5999,1201
2021-12-06,6005,1547
2021-12-06,6013,942
2021-12-06,6023,683
2021-12-06,6027,1896
2021-12-06,6028,1313
2021-12-06,6030,1861
2021-12-06,6035,1948
2021-12-06,6036,1333
2021-12-06,6047,728
2021-12-06,6050,1549
2021-12-06,6055,876
2021-12-06,6058,692
2021-12-06,6062,1065
2021-12-06,6067,1463
2021-12-06,6070,977
2021-12-06,6071,794
2021-12-06,6073,1099
2021-12-06,6078,1191
2021-12-06,6080,1864
2021-12-06,6082,945
2021-12-06,6088,1276
2021-12-06,6089,971
2021-12-06,6094,1106
2021-12-06,6095,1216
2021-12-06,6098,46
2021-12-06,6099,924
2021-12-06,6101,622
2021-12-06,6103,1699
2021-12-06,6104,1172
2021-12-06,6113,239
2021-12-06,6118,778
2021-12-06,6125,1734
2021-12-06,6134,1148
2021-12-06,6135,1526
2021-12-06,6136,598
2021-12-06,6140,565
2021-12-06,6141,615
2021-12-06,6143,670
2021-12-06,6144,996
2021-12-06,6145,1475
2021-12-06,6146,1993
2021-12-06,6149,1449
2021-12-06,6151,1062
2021-12-06,6157,1044
2021-12-06,6178,8
2021-12-06,6182,574
2021-12-06,6183,802
2021-12-06,6184,568
2021-12-06,6191,1059
2021-12-06,6194,1339
2021-12-06,6196,1683
2021-12-06,6197,902
2021-12-06,6199,1085
2021-12-06,6200,1242
2021-12-06,6201,1845
2021-12-06,6222,1127
2021-12-06,6232,1028
2021-12-06,6235,1232
2021-12-06,6237,867
2021-12-06,6238,854
2021-12-06,6240,401
2021-12-06,6245,1317
2021-12-06,6246,980
2021-12-06,6247,800
2021-12-06,6250,957
2021-12-06,6254,1638
2021-12-06,6257,849
2021-12-06,6258,1827
2021-12-06,6264,1244
2021-12-06,6266,1066
2021-12-06,6268,244
2021-12-06,6269,978
2021-12-06,6272,959
2021-12-06,6273,1997
2021-12-06,6277,1411
2021-12-06,6278,1583
2021-12-06,6279,836
2021-12-06,6282,1082
2021-12-06,6284,1506
2021-12-06,6287,1218
2021-12-06,6289,1768
2021-12-06,6293,659
2021-12-06,6301,113
2021-12-06,6302,1118
2021-12-06,6305,1388
2021-12-06,6306,484
2021-12-06,6309,536
2021-12-06,6310,817
2021-12-06,6315,1184
2021-12-06,6323,1325
2021-12-06,6324,1618
2021-12-06,6326,200
2021-12-06,6328,1383
2021-12-06,6330,443
2021-12-06,6331,1357
2021-12-06,6332,734
2021-12-06,6333,883
2021-12-06,6339,502
2021-12-06,6340,1537
2021-12-06,6345,557
2021-12-06,6349,388
2021-12-06,6351,811
2021-12-06,6357,537
2021-12-06,6361,1881
2021-12-06,6363,612
2021-12-06,6364,649
2021-12-06,6365,1708
2021-12-06,6366,142
2021-12-06,6367,62
2021-12-06,6368,1942
2021-12-06,6369,1422
2021-12-06,6370,1839
2021-12-06,6371,1511
2021-12-06,6376,541
2021-12-06,6378,560
2021-12-06,6379,705
2021-12-06,6381,518
2021-12-06,6382,614
2021-12-06,6383,1857
2021-12-06,6387,1562
2021-12-06,6395,455
2021-12-06,6406,1275
2021-12-06,6407,1083
2021-12-06,6409,1060
2021-12-06,6411,1935
2021-12-06,6412,1054
2021-12-06,6413,1122
2021-12-06,6417,1433
2021-12-06,6418,426
2021-12-06,6419,1030
2021-12-06,6420,1791
2021-12-06,6425,1283
2021-12-06,6430,763
2021-12-06,6432,1425
2021-12-06,6436,1420
2021-12-06,6440,688
2021-12-06,6444,326
2021-12-06,6448,700
2021-12-06,6454,1096
2021-12-06,6455,820
2021-12-06,6457,1235
2021-12-06,6458,1130
2021-12-06,6459,746
2021-12-06,6460,471
2021-12-06,6462,1372
2021-12-06,6463,893
2021-12-06,6464,740
2021-12-06,6465,1928
2021-12-06,6470,542
2021-12-06,6471,34
2021-12-06,6472,33
2021-12-06,6473,276
2021-12-06,6474,210
2021-12-06,6479,882
2021-12-06,6480,370
2021-12-06,6481,280
2021-12-06,6482,534
2021-12-06,6484,1138
2021-12-06,6485,682
2021-12-06,6486,687
2021-12-06,6490,1586
2021-12-06,6498,503
2021-12-06,6501,353
2021-12-06,6502,1147
2021-12-06,6503,61
2021-12-06,6504,1796
2021-12-06,6506,1515
2021-12-06,6507,573
2021-12-06,6508,1380
2021-12-06,6516,1918
2021-12-06,6517,886
2021-12-06,6532,64
2021-12-06,6533,1635
2021-12-06,6535,710
2021-12-06,6538,653
2021-12-06,6539,646
2021-12-06,6544,1154
2021-12-06,6556,813
2021-12-06,6564,1713
2021-12-06,6565,777
2021-12-06,6566,626
2021-12-06,6569,556
2021-12-06,6571,1051
2021-12-06,6572,289
2021-12-06,6580,1564
2021-12-06,6584,470
2021-12-06,6586,1762
2021-12-06,6588,1805
2021-12-06,6590,1906
2021-12-06,6592,1681
2021-12-06,6594,328
2021-12-06,6612,1755
2021-12-06,6616,1621
2021-12-06,6617,839
2021-12-06,6619,158
2021-12-06,6620,726
2021-12-06,6622,1803
2021-12-06,6625,298
2021-12-06,6626,1776
2021-12-06,6627,1224
2021-12-06,6629,314
2021-12-06,6630,233
2021-12-06,6632,102
2021-12-06,6637,724
2021-12-06,6638,599
2021-12-06,6640,1141
2021-12-06,6641,855
2021-12-06,6644,356
2021-12-06,6645,1315
2021-12-06,6651,908
2021-12-06,6652,1447
2021-12-06,6653,752
2021-12-06,6668,1241
2021-12-06,6670,528
2021-12-06,6674,930
2021-12-06,6676,1752
2021-12-06,6701,1461
2021-12-06,6702,82
2021-12-06,6703,442
2021-12-06,6706,1435
2021-12-06,6707,1919
2021-12-06,6718,1203
2021-12-06,6723,28
2021-12-06,6724,240
2021-12-06,6727,246
2021-12-06,6728,1899
2021-12-06,6736,1442
2021-12-06,6737,1769
2021-12-06,6740,40
2021-12-06,6741,603
2021-12-06,6742,416
2021-12-06,6744,1197
2021-12-06,6745,782
2021-12-06,6750,756
2021-12-06,6752,19
2021-12-06,6753,136
2021-12-06,6754,332
2021-12-06,6755,1257
2021-12-06,6758,55
2021-12-06,6762,498
2021-12-06,6768,203
2021-12-06,6769,690
2021-12-06,6770,141
2021-12-06,6777,1046
2021-12-06,6779,783
2021-12-06,6787,1634
2021-12-06,6788,1665
2021-12-06,6789,1444
2021-12-06,6794,488
2021-12-06,6798,1393
2021-12-06,6800,1485
2021-12-06,6804,521
2021-12-06,6806,105
2021-12-06,6807,958
2021-12-06,6809,554
2021-12-06,6810,776
2021-12-06,6814,745
2021-12-06,6815,1646
2021-12-06,6817,718
2021-12-06,6820,1314
2021-12-06,6823,1230
2021-12-06,6824,1233
2021-12-06,6832,1432
2021-12-06,6834,1098
2021-12-06,6841,730
2021-12-06,6844,1703
2021-12-06,6845,1870
2021-12-06,6848,609
2021-12-06,6849,1603
2021-12-06,6850,974
2021-12-06,6855,920
2021-12-06,6856,1913
2021-12-06,6857,851
2021-12-06,6859,1211
2021-12-06,6861,1992
2021-12-06,6866,1912
2021-12-06,6869,585
2021-12-06,6871,951
2021-12-06,6875,1874
2021-12-06,6877,1617
2021-12-06,6879,450
2021-12-06,6881,360
2021-12-06,6882,664
2021-12-06,6890,506
2021-12-06,6902,1579
2021-12-06,6904,689
2021-12-06,6905,903
2021-12-06,6908,1866
2021-12-06,6912,721
2021-12-06,6914,880
2021-12-06,6915,1316
2021-12-06,6918,1406
2021-12-06,6920,14
2021-12-06,6923,1226
2021-12-06,6924,1355
2021-12-06,6925,1006
2021-12-06,6929,1522
2021-12-06,6932,600
2021-12-06,6937,807
2021-12-06,6938,423
2021-12-06,6941,1259
2021-12-06,6947,1691
2021-12-06,6951,1770
2021-12-06,6952,106
2021-12-06,6954,66
2021-12-06,6955,522
2021-12-06,6957,1921
2021-12-06,6958,395
2021-12-06,6960,1905
2021-12-06,6961,1289
2021-12-06,6962,1252
2021-12-06,6963,1565
2021-12-06,6965,1915
2021-12-06,6966,1685
2021-12-06,6967,1490
2021-12-06,6971,1619
2021-12-06,6976,1018
2021-12-06,6981,398
2021-12-06,6986,493
2021-12-06,6988,1793
2021-12-06,6994,492
2021-12-06,6995,862
2021-12-06,6996,505
2021-12-06,6997,948
2021-12-06,6999,601
2021-12-06,7003,112
2021-12-06,7004,157
2021-12-06,7011,391
2021-12-06,7012,288
2021-12-06,7013,435
2021-12-06,7030,911
2021-12-06,7033,1520
2021-12-06,7036,1731
2021-12-06,7047,638
2021-12-06,7048,290
2021-12-06,7060,1170
2021-12-06,7061,1297
2021-12-06,7065,1321
2021-12-06,7071,1744
2021-12-06,7082,1491
2021-12-06,7085,481
2021-12-06,7088,606
2021-12-06,7089,1581
2021-12-06,7092,1368
2021-12-06,7094,1795
2021-12-06,7095,1808
2021-12-06,7102,1195
2021-12-06,7105,703
2021-12-06,7148,302
2021-12-06,7157,584
2021-12-06,7164,1878
2021-12-06,7167,44
2021-12-06,7169,772
2021-12-06,7172,625
2021-12-06,7173,837
2021-12-06,7177,405
2021-12-06,7180,238
2021-12-06,7181,228
2021-12-06,7182,63
2021-12-06,7184,365
2021-12-06,7186,70
2021-12-06,7187,647
2021-12-06,7189,344
2021-12-06,7191,547
2021-12-06,7192,716
2021-12-06,7198,444
2021-12-06,7199,1588
2021-12-06,7201,36
2021-12-06,7202,121
2021-12-06,7203,9
2021-12-06,7205,147
2021-12-06,7211,12
2021-12-06,7220,994
2021-12-06,7222,520
2021-12-06,7224,526
2021-12-06,7226,848
2021-12-06,7229,1036
2021-12-06,7231,708
2021-12-06,7236,1595
2021-12-06,7238,148
2021-12-06,7239,589
2021-12-06,7240,657
2021-12-06,7241,277
2021-12-06,7242,1512
2021-12-06,7244,403
2021-12-06,7245,453
2021-12-06,7246,215
2021-12-06,7250,656
2021-12-06,7254,379
2021-12-06,7259,1563
2021-12-06,7261,75
2021-12-06,7267,96
2021-12-06,7269,1299
2021-12-06,7270,160
2021-12-06,7272,697
2021-12-06,7276,1933
2021-12-06,7278,989
2021-12-06,7279,418
2021-12-06,7280,371
2021-12-06,7282,1035
2021-12-06,7283,546
2021-12-06,7287,691
2021-12-06,7292,1428
2021-12-06,7294,717
2021-12-06,7296,859
2021-12-06,7298,411
2021-12-06,7309,78
2021-12-06,7313,662
2021-12-06,7315,461
2021-12-06,7322,874
2021-12-06,7326,706
2021-12-06,7327,1292
2021-12-06,7337,343
2021-12-06,7339,1248
2021-12-06,7342,1500
2021-12-06,7351,1399
2021-12-06,7354,1611
2021-12-06,7358,1571
2021-12-06,7408,563
2021-12-06,7412,430
2021-12-06,7414,936
2021-12-06,7419,1193
2021-12-06,7420,362
2021-12-06,7421,840
2021-12-06,7433,1269
2021-12-06,7438,660
2021-12-06,7445,545
2021-12-06,7447,1319
2021-12-06,7451,1421
2021-12-06,7453,143
2021-12-06,7456,1375
2021-12-06,7458,1663
2021-12-06,7459,694
2021-12-06,7463,643
2021-12-06,7466,872
2021-12-06,7467,1155
2021-12-06,7475,1256
2021-12-06,7476,878
2021-12-06,7480,1037
2021-12-06,7482,702
2021-12-06,7483,943
2021-12-06,7487,1183
2021-12-06,7500,1879
2021-12-06,7504,984
2021-12-06,7508,914
2021-12-06,7510,913
2021-12-06,7512,863
2021-12-06,7513,341
2021-12-06,7516,1610
2021-12-06,7518,1370
2021-12-06,7520,1091
2021-12-06,7522,543
2021-12-06,7532,278
2021-12-06,7537,549
2021-12-06,7545,751
2021-12-06,7550,1267
2021-12-06,7552,917
2021-12-06,7554,898
2021-12-06,7564,1875
2021-12-06,7570,1160
2021-12-06,7575,529
2021-12-06,7581,1364
2021-12-06,7593,275
2021-12-06,7595,1488
2021-12-06,7596,1176
2021-12-06,7599,336
2021-12-06,7600,1196
2021-12-06,7605,317
2021-12-06,7606,991
2021-12-06,7607,1150
2021-12-06,7609,1214
2021-12-06,7611,964
2021-12-06,7613,787
2021-12-06,7616,654
2021-12-06,7618,369
2021-12-06,7621,1607
2021-12-06,7628,895
2021-12-06,7630,1846
2021-12-06,7636,934
2021-12-06,7637,1253
2021-12-06,7638,720
2021-12-06,7649,1911
2021-12-06,7679,1173
2021-12-06,7683,1548
2021-12-06,7685,1766
2021-12-06,7701,1740
2021-12-06,7702,462
2021-12-06,7705,1592
2021-12-06,7715,972
2021-12-06,7716,1166
2021-12-06,7717,1596
2021-12-06,7718,897
2021-12-06,7721,680
2021-12-06,7723,1871
2021-12-06,7725,1273
2021-12-06,7726,1182
2021-12-06,7729,1764
2021-12-06,7730,770
2021-12-06,7731,92
2021-12-06,7732,834
2021-12-06,7733,99
2021-12-06,7734,1926
2021-12-06,7735,1363
2021-12-06,7739,928
2021-12-06,7740,1441
2021-12-06,7741,87
2021-12-06,7744,1291
2021-12-06,7745,624
2021-12-06,7747,952
2021-12-06,7749,1496
2021-12-06,7751,79
2021-12-06,7752,65
2021-12-06,7762,120
2021-12-06,7774,490
2021-12-06,7775,474
2021-12-06,7777,115
2021-12-06,7779,234
2021-12-06,7780,1624
2021-12-06,7803,1040
2021-12-06,7806,829
2021-12-06,7809,1929
2021-12-06,7814,363
2021-12-06,7816,436
2021-12-06,7817,1123
2021-12-06,7818,627
2021-12-06,7820,719
2021-12-06,7821,1696
2021-12-06,7823,494
2021-12-06,7826,1628
2021-12-06,7832,1724
2021-12-06,7839,1888
2021-12-06,7840,602
2021-12-06,7844,445
2021-12-06,7846,1794
2021-12-06,7856,334
2021-12-06,7860,954
2021-12-06,7864,1151
2021-12-06,7867,533
2021-12-06,7868,366
2021-12-06,7874,466
2021-12-06,7879,340
2021-12-06,7893,684
2021-12-06,7905,1213
2021-12-06,7906,531
2021-12-06,7911,478
2021-12-06,7912,1003
2021-12-06,7914,1508
2021-12-06,7915,921
2021-12-06,7917,1641
2021-12-06,7921,504
2021-12-06,7925,784
2021-12-06,7931,1032
2021-12-06,7936,1114
2021-12-06,7937,1298
2021-12-06,7942,988
2021-12-06,7943,1539
2021-12-06,7944,1753
2021-12-06,7947,1725
2021-12-06,7949,1161
2021-12-06,7951,1799
2021-12-06,7952,1572
2021-12-06,7955,446
2021-12-06,7956,220
2021-12-06,7958,1389
2021-12-06,7962,618
2021-12-06,7965,1263
2021-12-06,7966,1392
2021-12-06,7970,579
2021-12-06,7972,367
2021-12-06,7974,1722
2021-12-06,7976,713
2021-12-06,7979,1207
2021-12-06,7981,846
2021-12-06,7984,912
2021-12-06,7987,437
2021-12-06,7988,1574
2021-12-06,7989,760
2021-12-06,7990,1570
2021-12-06,7994,633
2021-12-06,7995,1414
2021-12-06,8001,204
2021-12-06,8002,32
2021-12-06,8005,329
2021-12-06,8008,926
2021-12-06,8012,967
2021-12-06,8014,1045
2021-12-06,8015,1637
2021-12-06,8016,196
2021-12-06,8018,451
2021-12-06,8020,672
2021-12-06,8022,1359
2021-12-06,8031,103
2021-12-06,8032,1910
2021-12-06,8035,1982
2021-12-06,8037,377
2021-12-06,8038,1974
2021-12-06,8041,1556
2021-12-06,8043,1020
2021-12-06,8050,1439
2021-12-06,8051,400
2021-12-06,8052,1909
2021-12-06,8053,109
2021-12-06,8056,1779
2021-12-06,8057,1937
2021-12-06,8058,192
2021-12-06,8059,1953
2021-12-06,8060,1271
2021-12-06,8061,838
2021-12-06,8065,515
2021-12-06,8066,1023
2021-12-06,8068,1323
2021-12-06,8070,310
2021-12-06,8074,1652
2021-12-06,8075,1782
2021-12-06,8078,1751
2021-12-06,8079,1695
2021-12-06,8081,439
2021-12-06,8084,1005
2021-12-06,8086,358
2021-12-06,8088,1966
2021-12-06,8089,985
2021-12-06,8093,1494
2021-12-06,8095,163
2021-12-06,8096,1884
2021-12-06,8097,544
2021-12-06,8098,803
2021-12-06,8101,383
2021-12-06,8103,270
2021-12-06,8111,1971
2021-12-06,8113,1817
2021-12-06,8114,1946
2021-12-06,8117,1642
2021-12-06,8125,429
2021-12-06,8129,922
2021-12-06,8130,842
2021-12-06,8131,594
2021-12-06,8132,1815
2021-12-06,8133,374
2021-12-06,8136,1484
2021-12-06,8137,901
2021-12-06,8140,1310
2021-12-06,8141,359
2021-12-06,8150,736
2021-12-06,8151,463
2021-12-06,8153,1730
2021-12-06,8154,1718
2021-12-06,8155,1335
2021-12-06,8157,1002
2021-12-06,8158,265
2021-12-06,8159,824
2021-12-06,8160,1274
2021-12-06,8163,297
2021-12-06,8165,209
2021-12-06,8167,572
2021-12-06,8168,318
2021-12-06,8173,1270
2021-12-06,8174,581
2021-12-06,8179,976
2021-12-06,8182,641
2021-12-06,8185,300
2021-12-06,8194,1807
2021-12-06,8198,1578
2021-12-06,8200,1306
2021-12-06,8202,119
2021-12-06,8203,237
2021-12-06,8214,254
2021-12-06,8217,354
2021-12-06,8218,1476
2021-12-06,8219,214
2021-12-06,8227,1972
2021-12-06,8233,174
2021-12-06,8237,342
2021-12-06,8242,269
2021-12-06,8244,1557
2021-12-06,8249,512
2021-12-06,8252,894
2021-12-06,8253,279
2021-12-06,8255,1800
2021-12-06,8267,830
2021-12-06,8273,1767
2021-12-06,8275,438
2021-12-06,8276,1110
2021-12-06,8278,1146
2021-12-06,8279,1979
2021-12-06,8281,355
2021-12-06,8282,253
2021-12-06,8283,1950
2021-12-06,8285,195
2021-12-06,8289,285
2021-12-06,8291,181
2021-12-06,8303,197
2021-12-06,8304,1262
2021-12-06,8306,5
2021-12-06,8308,22
2021-12-06,8309,1504
2021-12-06,8316,81
2021-12-06,8331,107
2021-12-06,8334,110
2021-12-06,8336,798
2021-12-06,8337,173
2021-12-06,8338,151
2021-12-06,8341,459
2021-12-06,8343,738
2021-12-06,8344,335
2021-12-06,8345,906
2021-12-06,8346,152
2021-12-06,8354,762
2021-12-06,8355,153
2021-12-06,8358,94
2021-12-06,8359,125
2021-12-06,8360,324
2021-12-06,8361,1067
2021-12-06,8362,701
2021-12-06,8364,832
2021-12-06,8366,987
2021-12-06,8367,1052
2021-12-06,8368,167
2021-12-06,8369,1945
2021-12-06,8370,642
2021-12-06,8377,274
2021-12-06,8381,224
2021-12-06,8382,282
2021-12-06,8385,202
2021-12-06,8386,575
2021-12-06,8387,291
2021-12-06,8388,1240
2021-12-06,8392,1017
2021-12-06,8393,1186
2021-12-06,8395,686
2021-12-06,8399,295
2021-12-06,8410,52
2021-12-06,8411,37
2021-12-06,8418,188
2021-12-06,8424,1981
2021-12-06,8425,1723
2021-12-06,8439,1970
2021-12-06,8473,1373
2021-12-06,8508,194
2021-12-06,8511,312
2021-12-06,8515,74
2021-12-06,8522,1264
2021-12-06,8524,146
2021-12-06,8527,1865
2021-12-06,8530,577
2021-12-06,8541,304
2021-12-06,8544,207
2021-12-06,8550,161
2021-12-06,8558,229
2021-12-06,8566,1873
2021-12-06,8570,378
2021-12-06,8572,39
2021-12-06,8584,1601
2021-12-06,8585,50
2021-12-06,8591,184
2021-12-06,8593,71
2021-12-06,8595,1980
2021-12-06,8596,260
2021-12-06,8600,168
2021-12-06,8601,51
2021-12-06,8604,13
2021-12-06,8609,182
2021-12-06,8613,176
2021-12-06,8616,144
2021-12-06,8622,185
2021-12-06,8624,255
2021-12-06,8628,212
2021-12-06,8630,1890
2021-12-06,8697,588
2021-12-06,8698,29
2021-12-06,8699,472
2021-12-06,8706,307
2021-12-06,8707,616
2021-12-06,8708,412
2021-12-06,8713,548
2021-12-06,8714,72
2021-12-06,8715,286
2021-12-06,8725,1467
2021-12-06,8739,169
2021-12-06,8750,155
2021-12-06,8766,1849
2021-12-06,8771,1446
2021-12-06,8772,294
2021-12-06,8793,1180
2021-12-06,8795,90
2021-12-06,8798,409
2021-12-06,8801,331
2021-12-06,8802,127
2021-12-06,8803,1787
2021-12-06,8804,517
2021-12-06,8806,1989
2021-12-06,8818,629
2021-12-06,8830,1594
2021-12-06,8841,249
2021-12-06,8842,1923
2021-12-06,8844,216
2021-12-06,8848,130
2021-12-06,8850,1530
2021-12-06,8860,284
2021-12-06,8864,243
2021-12-06,8869,262
2021-12-06,8871,764
2021-12-06,8876,1221
2021-12-06,8877,889
2021-12-06,8881,223
2021-12-06,8890,213
2021-12-06,8892,271
2021-12-06,8897,145
2021-12-06,8905,704
2021-12-06,8909,465
2021-12-06,8914,857
2021-12-06,8917,368
2021-12-06,8919,1934
2021-12-06,8920,962
2021-12-06,8923,219
2021-12-06,8925,104
2021-12-06,8928,1168
2021-12-06,8929,607
2021-12-06,8934,389
2021-12-06,8935,422
2021-12-06,8999,232
2021-12-06,9001,1387
2021-12-06,9003,1135
2021-12-06,9005,323
2021-12-06,9006,299
2021-12-06,9007,939
2021-12-06,9008,1949
2021-12-06,9009,1657
2021-12-06,9010,1938
2021-12-06,9014,1210
2021-12-06,9020,1662
2021-12-06,9021,1682
2021-12-06,9022,218
2021-12-06,9024,170
2021-12-06,9025,476
2021-12-06,9028,491
2021-12-06,9031,1550
2021-12-06,9033,337
2021-12-06,9037,1704
2021-12-06,9039,1925
2021-12-06,9041,1613
2021-12-06,9042,1676
2021-12-06,9044,1194
2021-12-06,9045,1354
2021-12-06,9046,1810
2021-12-06,9048,538
2021-12-06,9052,1164
2021-12-06,9055,392
2021-12-06,9057,1487
2021-12-06,9058,1976
2021-12-06,9064,975
2021-12-06,9065,1940
2021-12-06,9066,918
2021-12-06,9068,1775
2021-12-06,9069,308
2021-12-06,9070,1798
2021-12-06,9072,1239
2021-12-06,9075,1897
2021-12-06,9076,414
2021-12-06,9081,1806
2021-12-06,9083,1771
2021-12-06,9086,1930
2021-12-06,9090,658
2021-12-06,9099,835
2021-12-06,9101,91
2021-12-06,9104,513
2021-12-06,9107,154
2021-12-06,9110,1616
2021-12-06,9115,242
2021-12-06,9119,178
2021-12-06,9142,860
2021-12-06,9143,1143
2021-12-06,9201,49
2021-12-06,9202,77
2021-12-06,9232,666
2021-12-06,9233,346
2021-12-06,9260,1804
2021-12-06,9267,1960
2021-12-06,9270,1510
2021-12-06,9273,267
2021-12-06,9274,118
2021-12-06,9278,424
2021-12-06,9279,1307
2021-12-06,9301,1615
2021-12-06,9302,1350
2021-12-06,9303,1022
2021-12-06,9304,1231
2021-12-06,9305,864
2021-12-06,9308,1109
2021-12-06,9310,252
2021-12-06,9319,413
2021-12-06,9324,390
2021-12-06,9364,1200
2021-12-06,9368,604
2021-12-06,9369,1074
2021-12-06,9375,1553
2021-12-06,9381,495
2021-12-06,9384,1102
2021-12-06,9386,1025
2021-12-06,9401,890
2021-12-06,9404,428
2021-12-06,9405,296
2021-12-06,9409,733
2021-12-06,9412,129
2021-12-06,9413,1247
2021-12-06,9414,511
2021-12-06,9416,567
2021-12-06,9418,1750
2021-12-06,9422,732
2021-12-06,9424,183
2021-12-06,9432,97
2021-12-06,9433,177
2021-12-06,9434,205
2021-12-06,9435,320
2021-12-06,9436,1962
2021-12-06,9438,248
2021-12-06,9441,1985
2021-12-06,9449,1626
2021-12-06,9450,524
2021-12-06,9467,1924
2021-12-06,9468,1969
2021-12-06,9470,375
2021-12-06,9474,373
2021-12-06,9501,24
2021-12-06,9502,88
2021-12-06,9503,122
2021-12-06,9504,156
2021-12-06,9505,172
2021-12-06,9506,38
2021-12-06,9507,225
2021-12-06,9508,128
2021-12-06,9509,164
2021-12-06,9511,644
2021-12-06,9513,357
2021-12-06,9517,1367
2021-12-06,9519,1826
2021-12-06,9531,325
2021-12-06,9532,397
2021-12-06,9533,1086
2021-12-06,9534,747
2021-12-06,9535,201
2021-12-06,9536,1296
2021-12-06,9537,1760
2021-12-06,9539,1785
2021-12-06,9543,408
2021-12-06,9551,1117
2021-12-06,9600,677
2021-12-06,9601,1920
2021-12-06,9602,1951
2021-12-06,9603,165
2021-12-06,9605,95
2021-12-06,9612,1705
2021-12-06,9613,339
2021-12-06,9616,1914
2021-12-06,9619,650
2021-12-06,9621,1502
2021-12-06,9622,376
2021-12-06,9627,1964
2021-12-06,9628,707
2021-12-06,9629,766
2021-12-06,9631,1965
2021-12-06,9632,1983
2021-12-06,9639,1952
2021-12-06,9640,1177
2021-12-06,9641,211
2021-12-06,9658,1078
2021-12-06,9661,1956
2021-12-06,9663,1939
2021-12-06,9672,1902
2021-12-06,9678,1472
2021-12-06,9682,1468
2021-12-06,9684,1968
2021-12-06,9687,1403
2021-12-06,9692,519
2021-12-06,9697,1039
2021-12-06,9699,1566
2021-12-06,9706,1936
2021-12-06,9708,1121
2021-12-06,9715,1743
2021-12-06,9716,380
2021-12-06,9717,264
2021-12-06,9719,1112
2021-12-06,9722,1385
2021-12-06,9726,715
2021-12-06,9728,1629
2021-12-06,9729,1229
2021-12-06,9733,1986
2021-12-06,9735,1967
2021-12-06,9739,1408
2021-12-06,9740,1460
2021-12-06,9742,725
2021-12-06,9743,330
2021-12-06,9744,1975
2021-12-06,9746,1821
2021-12-06,9749,1958
2021-12-06,9755,1071
2021-12-06,9757,1535
2021-12-06,9759,1281
2021-12-06,9766,1955
2021-12-06,9769,742
2021-12-06,9783,1344
2021-12-06,9787,1877
2021-12-06,9788,393
2021-12-06,9790,1900
2021-12-06,9793,1957
2021-12-06,9795,1049
2021-12-06,9810,1947
2021-12-06,9823,1371
2021-12-06,9824,1892
2021-12-06,9828,1533
2021-12-06,9830,1573
2021-12-06,9831,15
2021-12-06,9832,550
2021-12-06,9837,247
2021-12-06,9842,904
2021-12-06,9843,137
2021-12-06,9850,417
2021-12-06,9856,421
2021-12-06,9861,1250
2021-12-06,9869,1765
2021-12-06,9873,1632
2021-12-06,9880,714
2021-12-06,9882,868
2021-12-06,9887,1838
2021-12-06,9889,1053
2021-12-06,9896,419
2021-12-06,9900,402
2021-12-06,9902,1342
2021-12-06,9903,1391
2021-12-06,9906,810
2021-12-06,9919,761
2021-12-06,9928,814
2021-12-06,9932,1376
2021-12-06,9934,1525
2021-12-06,9936,1973
2021-12-06,9945,1144
2021-12-06,9946,678
2021-12-06,9948,1272
2021-12-06,9955,1225
2021-12-06,9956,1312
2021-12-06,9960,1498
2021-12-06,9962,1931
2021-12-06,9974,1961
2021-12-06,9977,1694
2021-12-06,9979,396
2021-12-06,9982,1009
2021-12-06,9983,1995
2021-12-06,9984,17
2021-12-06,9987,1689
2021-12-06,9989,1623
2021-12-06,9990,241
2021-12-06,9991,319
2021-12-06,9993,983
2021-12-06,9994,1466
2021-12-06,9997,257
2021-12-07,1301,945
2021-12-07,1332,283
2021-12-07,1333,1104
2021-12-07,1375,1656
2021-12-07,1376,1577
2021-12-07,1377,489
2021-12-07,1379,1448
2021-12-07,1381,860
2021-12-07,1407,189
2021-12-07,1413,1350
2021-12-07,1414,266
2021-12-07,1417,1166
2021-12-07,1419,986
2021-12-07,1429,1817
2021-12-07,1431,1808
2021-12-07,1435,1841
2021-12-07,1515,259
2021-12-07,1518,66
2021-12-07,1605,6
2021-12-07,1662,780
2021-12-07,1663,1610
2021-12-07,1712,1387
2021-12-07,1716,1695
2021-12-07,1719,1346
2021-12-07,1720,1723
2021-12-07,1721,439
2021-12-07,1723,622
2021-12-07,1726,1864
2021-12-07,1762,1419
2021-12-07,1766,1078
2021-12-07,1775,1157
2021-12-07,1780,1793
2021-12-07,1787,324
2021-12-07,1793,299
2021-12-07,1799,1490
2021-12-07,1801,181
2021-12-07,1802,96
2021-12-07,1803,110
2021-12-07,1805,1747
2021-12-07,1808,765
2021-12-07,1810,1854
2021-12-07,1811,623
2021-12-07,1812,270
2021-12-07,1813,1549
2021-12-07,1814,1705
2021-12-07,1815,1506
2021-12-07,1820,287
2021-12-07,1821,1296
2021-12-07,1822,603
2021-12-07,1833,714
2021-12-07,1835,1232
2021-12-07,1852,218
2021-12-07,1860,1639
2021-12-07,1861,747
2021-12-07,1870,1855
2021-12-07,1871,1832
2021-12-07,1873,1860
2021-12-07,1878,1984
2021-12-07,1879,1831
2021-12-07,1882,424
2021-12-07,1884,465
2021-12-07,1885,1140
2021-12-07,1887,1791
2021-12-07,1888,1407
2021-12-07,1890,1797
2021-12-07,1893,771
2021-12-07,1898,1787
2021-12-07,1899,398
2021-12-07,1911,426
2021-12-07,1914,1875
2021-12-07,1921,1898
2021-12-07,1925,87
2021-12-07,1926,1192
2021-12-07,1928,125
2021-12-07,1929,1828
2021-12-07,1930,1727
2021-12-07,1934,1846
2021-12-07,1938,1651
2021-12-07,1939,1591
2021-12-07,1941,1290
2021-12-07,1942,1701
2021-12-07,1944,1267
2021-12-07,1945,1750
2021-12-07,1946,851
2021-12-07,1949,1380
2021-12-07,1950,1541
2021-12-07,1951,767
2021-12-07,1952,1358
2021-12-07,1954,764
2021-12-07,1959,554
2021-12-07,1961,1568
2021-12-07,1963,547
2021-12-07,1965,1812
2021-12-07,1967,1825
2021-12-07,1968,1055
2021-12-07,1969,1295
2021-12-07,1973,1080
2021-12-07,1975,1037
2021-12-07,1976,1736
2021-12-07,1979,813
2021-12-07,1980,1305
2021-12-07,1981,1823
2021-12-07,1982,1363
2021-12-07,2001,1508
2021-12-07,2002,832
2021-12-07,2003,683
2021-12-07,2004,1075
2021-12-07,2009,1845
2021-12-07,2053,1716
2021-12-07,2060,1835
2021-12-07,2108,1586
2021-12-07,2109,1446
2021-12-07,2114,1893
2021-12-07,2117,1571
2021-12-07,2120,1593
2021-12-07,2121,1066
2021-12-07,2124,1309
2021-12-07,2127,258
2021-12-07,2130,1219
2021-12-07,2146,464
2021-12-07,2148,1317
2021-12-07,2150,1335
2021-12-07,2153,1665
2021-12-07,2154,1116
2021-12-07,2157,1224
2021-12-07,2158,19
2021-12-07,2160,1069
2021-12-07,2168,620
2021-12-07,2170,1320
2021-12-07,2175,342
2021-12-07,2181,231
2021-12-07,2183,1811
2021-12-07,2185,1677
2021-12-07,2193,1725
2021-12-07,2198,1883
2021-12-07,2201,557
2021-12-07,2204,642
2021-12-07,2206,460
2021-12-07,2207,1585
2021-12-07,2208,1361
2021-12-07,2209,1337
2021-12-07,2211,1184
2021-12-07,2212,874
2021-12-07,2217,356
2021-12-07,2220,454
2021-12-07,2221,602
2021-12-07,2222,688
2021-12-07,2226,325
2021-12-07,2229,447
2021-12-07,2264,310
2021-12-07,2266,1612
2021-12-07,2267,122
2021-12-07,2268,466
2021-12-07,2269,180
2021-12-07,2270,1302
2021-12-07,2281,1062
2021-12-07,2282,116
2021-12-07,2288,1562
2021-12-07,2292,736
2021-12-07,2294,1124
2021-12-07,2296,1645
2021-12-07,2301,1683
2021-12-07,2305,1354
2021-12-07,2307,1608
2021-12-07,2309,1606
2021-12-07,2315,57
2021-12-07,2317,1977
2021-12-07,2325,1478
2021-12-07,2326,1572
2021-12-07,2327,625
2021-12-07,2329,1872
2021-12-07,2331,234
2021-12-07,2335,1801
2021-12-07,2337,1399
2021-12-07,2349,1624
2021-12-07,2353,493
2021-12-07,2359,1579
2021-12-07,2371,385
2021-12-07,2372,1531
2021-12-07,2374,1838
2021-12-07,2378,1669
2021-12-07,2379,500
2021-12-07,2384,566
2021-12-07,2389,1515
2021-12-07,2393,1641
2021-12-07,2395,92
2021-12-07,2412,101
2021-12-07,2413,49
2021-12-07,2418,1892
2021-12-07,2427,255
2021-12-07,2429,1092
2021-12-07,2432,914
2021-12-07,2433,904
2021-12-07,2440,1297
2021-12-07,2445,1904
2021-12-07,2453,1785
2021-12-07,2461,1884
2021-12-07,2462,1074
2021-12-07,2469,1668
2021-12-07,2471,1191
2021-12-07,2475,806
2021-12-07,2477,484
2021-12-07,2484,471
2021-12-07,2489,1355
2021-12-07,2491,322
2021-12-07,2492,1247
2021-12-07,2497,1357
2021-12-07,2498,882
2021-12-07,2501,989
2021-12-07,2502,73
2021-12-07,2503,45
2021-12-07,2531,1177
2021-12-07,2533,1908
2021-12-07,2540,1529
2021-12-07,2573,457
2021-12-07,2579,853
2021-12-07,2587,250
2021-12-07,2588,1057
2021-12-07,2590,420
2021-12-07,2593,1111
2021-12-07,2594,1331
2021-12-07,2602,928
2021-12-07,2607,958
2021-12-07,2612,512
2021-12-07,2613,1543
2021-12-07,2651,203
2021-12-07,2653,1417
2021-12-07,2659,534
2021-12-07,2664,1243
2021-12-07,2669,1026
2021-12-07,2670,153
2021-12-07,2676,1696
2021-12-07,2678,1237
2021-12-07,2681,1648
2021-12-07,2685,1218
2021-12-07,2686,1907
2021-12-07,2692,472
2021-12-07,2694,1762
2021-12-07,2695,616
2021-12-07,2698,1027
2021-12-07,2702,166
2021-12-07,2705,1126
2021-12-07,2715,1729
2021-12-07,2726,1522
2021-12-07,2729,3
2021-12-07,2730,1439
2021-12-07,2733,508
2021-12-07,2734,1658
2021-12-07,2737,507
2021-12-07,2742,1020
2021-12-07,2749,1877
2021-12-07,2751,1311
2021-12-07,2752,1616
2021-12-07,2753,1001
2021-12-07,2760,477
2021-12-07,2761,1667
2021-12-07,2763,1733
2021-12-07,2767,1868
2021-12-07,2768,131
2021-12-07,2780,1636
2021-12-07,2782,440
2021-12-07,2784,716
2021-12-07,2790,1560
2021-12-07,2791,438
2021-12-07,2792,1557
2021-12-07,2801,607
2021-12-07,2802,59
2021-12-07,2804,1428
2021-12-07,2805,560
2021-12-07,2806,1474
2021-12-07,2809,411
2021-12-07,2810,660
2021-12-07,2811,695
2021-12-07,2814,1574
2021-12-07,2815,380
2021-12-07,2819,1326
2021-12-07,2830,1088
2021-12-07,2831,969
2021-12-07,2871,483
2021-12-07,2874,1774
2021-12-07,2875,191
2021-12-07,2882,1372
2021-12-07,2884,1869
2021-12-07,2897,488
2021-12-07,2899,1397
2021-12-07,2904,1826
2021-12-07,2908,1452
2021-12-07,2910,1451
2021-12-07,2914,18
2021-12-07,2915,1685
2021-12-07,2918,1409
2021-12-07,2922,1465
2021-12-07,2923,382
2021-12-07,2925,1494
2021-12-07,2929,332
2021-12-07,2930,1626
2021-12-07,2931,389
2021-12-07,2932,1041
2021-12-07,2975,1484
2021-12-07,2980,879
2021-12-07,2987,1764
2021-12-07,3001,4
2021-12-07,3002,539
2021-12-07,3003,54
2021-12-07,3028,1131
2021-12-07,3031,1410
2021-12-07,3034,1602
2021-12-07,3036,1443
2021-12-07,3038,80
2021-12-07,3040,1715
2021-12-07,3046,370
2021-12-07,3048,1299
2021-12-07,3050,1555
2021-12-07,3064,176
2021-12-07,3075,1760
2021-12-07,3076,1336
2021-12-07,3085,1153
2021-12-07,3086,373
2021-12-07,3087,1488
2021-12-07,3088,190
2021-12-07,3091,1182
2021-12-07,3092,135
2021-12-07,3097,443
2021-12-07,3099,138
2021-12-07,3101,1437
2021-12-07,3103,1687
2021-12-07,3104,572
2021-12-07,3105,866
2021-12-07,3106,1468
2021-12-07,3107,1255
2021-12-07,3110,1019
2021-12-07,3116,478
2021-12-07,3132,890
2021-12-07,3134,1689
2021-12-07,3139,654
2021-12-07,3141,314
2021-12-07,3148,486
2021-12-07,3150,999
2021-12-07,3151,1794
2021-12-07,3153,1802
2021-12-07,3154,1800
2021-12-07,3156,1427
2021-12-07,3157,1786
2021-12-07,3159,1912
2021-12-07,3166,1719
2021-12-07,3167,1674
2021-12-07,3176,1767
2021-12-07,3178,1697
2021-12-07,3179,1702
2021-12-07,3180,873
2021-12-07,3182,468
2021-12-07,3183,1778
2021-12-07,3186,668
2021-12-07,3191,1449
2021-12-07,3193,1472
2021-12-07,3196,1662
2021-12-07,3197,161
2021-12-07,3198,1643
2021-12-07,3199,1694
2021-12-07,3201,1481
2021-12-07,3221,1422
2021-12-07,3222,1708
2021-12-07,3228,1545
2021-12-07,3231,339
2021-12-07,3232,1880
2021-12-07,3244,186
2021-12-07,3245,1839
2021-12-07,3252,1464
2021-12-07,3254,1322
2021-12-07,3264,1795
2021-12-07,3276,1732
2021-12-07,3284,1837
2021-12-07,3288,139
2021-12-07,3289,83
2021-12-07,3291,618
2021-12-07,3302,1400
2021-12-07,3315,81
2021-12-07,3319,1682
2021-12-07,3328,952
2021-12-07,3333,1598
2021-12-07,3341,1620
2021-12-07,3349,1995
2021-12-07,3355,1734
2021-12-07,3360,926
2021-12-07,3361,1834
2021-12-07,3371,397
2021-12-07,3377,1500
2021-12-07,3382,58
2021-12-07,3387,129
2021-12-07,3388,1712
2021-12-07,3391,1064
2021-12-07,3395,1609
2021-12-07,3397,193
2021-12-07,3401,423
2021-12-07,3402,25
2021-12-07,3405,104
2021-12-07,3407,53
2021-12-07,3415,1746
2021-12-07,3421,1673
2021-12-07,3431,877
2021-12-07,3433,1345
2021-12-07,3436,12
2021-12-07,3443,591
2021-12-07,3445,526
2021-12-07,3449,1755
2021-12-07,3457,1724
2021-12-07,3458,1384
2021-12-07,3465,927
2021-12-07,3475,1881
2021-12-07,3479,1340
2021-12-07,3480,1202
2021-12-07,3482,1720
2021-12-07,3484,1819
2021-12-07,3491,1447
2021-12-07,3496,355
2021-12-07,3498,368
2021-12-07,3539,1491
2021-12-07,3540,1
2021-12-07,3543,1265
2021-12-07,3546,1740
2021-12-07,3547,1190
2021-12-07,3548,1822
2021-12-07,3549,301
2021-12-07,3553,1876
2021-12-07,3558,1660
2021-12-07,3561,1866
2021-12-07,3563,174
2021-12-07,3569,850
2021-12-07,3580,1675
2021-12-07,3591,1269
2021-12-07,3593,790
2021-12-07,3597,347
2021-12-07,3608,1714
2021-12-07,3612,1532
2021-12-07,3626,227
2021-12-07,3628,1501
2021-12-07,3632,65
2021-12-07,3635,235
2021-12-07,3636,535
2021-12-07,3648,1833
2021-12-07,3649,1756
2021-12-07,3656,1458
2021-12-07,3657,1749
2021-12-07,3659,60
2021-12-07,3660,1744
2021-12-07,3662,1435
2021-12-07,3663,1249
2021-12-07,3665,1520
2021-12-07,3668,1650
2021-12-07,3673,1594
2021-12-07,3675,1286
2021-12-07,3676,1108
2021-12-07,3677,1784
2021-12-07,3678,298
2021-12-07,3679,1281
2021-12-07,3681,265
2021-12-07,3687,1776
2021-12-07,3688,1273
2021-12-07,3694,1580
2021-12-07,3696,1102
2021-12-07,3697,1999
2021-12-07,3708,523
2021-12-07,3733,1963
2021-12-07,3738,1471
2021-12-07,3762,1195
2021-12-07,3763,1601
2021-12-07,3765,251
2021-12-07,3769,1990
2021-12-07,3771,1536
2021-12-07,3772,992
2021-12-07,3774,219
2021-12-07,3778,1857
2021-12-07,3784,1840
2021-12-07,3788,777
2021-12-07,3798,558
2021-12-07,3800,1499
2021-12-07,3817,1031
2021-12-07,3825,76
2021-12-07,3834,1861
2021-12-07,3835,1765
2021-12-07,3836,1655
2021-12-07,3837,1527
2021-12-07,3843,1680
2021-12-07,3844,588
2021-12-07,3853,1699
2021-12-07,3854,1588
2021-12-07,3856,990
2021-12-07,3857,1816
2021-12-07,3861,61
2021-12-07,3863,1021
2021-12-07,3865,1514
2021-12-07,3880,1301
2021-12-07,3891,1034
2021-12-07,3900,1700
2021-12-07,3901,1117
2021-12-07,3902,1548
2021-12-07,3903,1386
2021-12-07,3906,527
2021-12-07,3914,1210
2021-12-07,3915,1251
2021-12-07,3916,1637
2021-12-07,3919,2
2021-12-07,3921,1678
2021-12-07,3922,802
2021-12-07,3923,305
2021-12-07,3925,867
2021-12-07,3926,930
2021-12-07,3932,1047
2021-12-07,3934,1146
2021-12-07,3937,1194
2021-12-07,3939,1852
2021-12-07,3941,955
2021-12-07,3946,1123
2021-12-07,3950,1381
2021-12-07,3951,812
2021-12-07,3962,271
2021-12-07,3964,1294
2021-12-07,3966,1087
2021-12-07,3969,1328
2021-12-07,3978,741
2021-12-07,3983,1518
2021-12-07,3984,1167
2021-12-07,3990,760
2021-12-07,3993,901
2021-12-07,3994,1878
2021-12-07,4004,204
2021-12-07,4005,16
2021-12-07,4008,1404
2021-12-07,4021,1657
2021-12-07,4023,1821
2021-12-07,4025,1879
2021-12-07,4026,1105
2021-12-07,4027,967
2021-12-07,4028,745
2021-12-07,4041,1457
2021-12-07,4042,323
2021-12-07,4043,703
2021-12-07,4044,1106
2021-12-07,4045,775
2021-12-07,4046,1330
2021-12-07,4047,744
2021-12-07,4051,1991
2021-12-07,4053,1463
2021-12-07,4054,782
2021-12-07,4056,1271
2021-12-07,4058,1342
2021-12-07,4061,1329
2021-12-07,4062,880
2021-12-07,4063,1934
2021-12-07,4078,1010
2021-12-07,4080,225
2021-12-07,4082,944
2021-12-07,4088,469
2021-12-07,4091,565
2021-12-07,4092,1351
2021-12-07,4094,987
2021-12-07,4095,808
2021-12-07,4097,757
2021-12-07,4099,977
2021-12-07,4100,1493
2021-12-07,4107,1589
2021-12-07,4109,1348
2021-12-07,4112,1671
2021-12-07,4113,1079
2021-12-07,4114,1773
2021-12-07,4116,1197
2021-12-07,4118,1550
2021-12-07,4151,750
2021-12-07,4165,1239
2021-12-07,4167,1379
2021-12-07,4168,1849
2021-12-07,4169,1089
2021-12-07,4182,358
2021-12-07,4183,479
2021-12-07,4185,1209
2021-12-07,4186,1827
2021-12-07,4187,1032
2021-12-07,4188,27
2021-12-07,4189,1360
2021-12-07,4202,246
2021-12-07,4203,1634
2021-12-07,4204,312
2021-12-07,4205,442
2021-12-07,4206,1453
2021-12-07,4208,721
2021-12-07,4212,1176
2021-12-07,4215,634
2021-12-07,4216,983
2021-12-07,4218,1147
2021-12-07,4220,653
2021-12-07,4221,1186
2021-12-07,4228,641
2021-12-07,4229,1462
2021-12-07,4235,1242
2021-12-07,4238,1056
2021-12-07,4246,577
2021-12-07,4249,1099
2021-12-07,4251,1751
2021-12-07,4272,561
2021-12-07,4275,713
2021-12-07,4286,1002
2021-12-07,4290,567
2021-12-07,4293,85
2021-12-07,4298,968
2021-12-07,4301,1129
2021-12-07,4307,784
2021-12-07,4308,597
2021-12-07,4310,647
2021-12-07,4312,619
2021-12-07,4318,997
2021-12-07,4323,1365
2021-12-07,4324,889
2021-12-07,4326,1158
2021-12-07,4327,1266
2021-12-07,4337,1603
2021-12-07,4343,1085
2021-12-07,4344,158
2021-12-07,4345,755
2021-12-07,4348,1018
2021-12-07,4350,667
2021-12-07,4362,1149
2021-12-07,4365,1928
2021-12-07,4368,1745
2021-12-07,4369,1406
2021-12-07,4382,1081
2021-12-07,4384,1858
2021-12-07,4385,1276
2021-12-07,4390,1015
2021-12-07,4401,1138
2021-12-07,4403,1625
2021-12-07,4410,811
2021-12-07,4423,996
2021-12-07,4425,1528
2021-12-07,4431,1477
2021-12-07,4433,1275
2021-12-07,4434,1659
2021-12-07,4435,1442
2021-12-07,4436,1383
2021-12-07,4443,1988
2021-12-07,4446,946
2021-12-07,4448,689
2021-12-07,4449,1412
2021-12-07,4452,617
2021-12-07,4461,1476
2021-12-07,4462,1014
2021-12-07,4463,826
2021-12-07,4464,951
2021-12-07,4471,1738
2021-12-07,4475,1274
2021-12-07,4477,33
2021-12-07,4478,1906
2021-12-07,4479,1622
2021-12-07,4480,1327
2021-12-07,4481,1590
2021-12-07,4482,827
2021-12-07,4483,1889
2021-12-07,4485,1927
2021-12-07,4488,1798
2021-12-07,4490,1900
2021-12-07,4493,1262
2021-12-07,4495,1440
2021-12-07,4499,1829
2021-12-07,4502,30
2021-12-07,4503,69
2021-12-07,4506,209
2021-12-07,4507,704
2021-12-07,4516,1913
2021-12-07,4519,140
2021-12-07,4521,1583
2021-12-07,4523,1257
2021-12-07,4526,1042
2021-12-07,4527,1323
2021-12-07,4528,340
2021-12-07,4530,1115
2021-12-07,4534,1429
2021-12-07,4536,335
2021-12-07,4538,1430
2021-12-07,4540,1450
2021-12-07,4541,429
2021-12-07,4543,295
2021-12-07,4544,1103
2021-12-07,4547,1136
2021-12-07,4548,799
2021-12-07,4549,1033
2021-12-07,4550,849
2021-12-07,4551,1389
2021-12-07,4552,953
2021-12-07,4553,1200
2021-12-07,4554,902
2021-12-07,4559,1142
2021-12-07,4563,118
2021-12-07,4565,224
2021-12-07,4568,91
2021-12-07,4569,994
2021-12-07,4571,292
2021-12-07,4572,835
2021-12-07,4574,555
2021-12-07,4577,776
2021-12-07,4578,575
2021-12-07,4579,798
2021-12-07,4581,1759
2021-12-07,4582,46
2021-12-07,4584,595
2021-12-07,4587,137
2021-12-07,4592,598
2021-12-07,4593,888
2021-12-07,4595,1283
2021-12-07,4599,592
2021-12-07,4611,791
2021-12-07,4612,132
2021-12-07,4613,793
2021-12-07,4617,659
2021-12-07,4619,823
2021-12-07,4620,673
2021-12-07,4621,819
2021-12-07,4626,1413
2021-12-07,4628,1998
2021-12-07,4631,1321
2021-12-07,4633,816
2021-12-07,4634,1097
2021-12-07,4636,773
2021-12-07,4641,1181
2021-12-07,4658,761
2021-12-07,4659,1423
2021-12-07,4661,1950
2021-12-07,4662,830
2021-12-07,4665,1304
2021-12-07,4666,446
2021-12-07,4668,637
2021-12-07,4671,1109
2021-12-07,4674,1215
2021-12-07,4676,521
2021-12-07,4680,278
2021-12-07,4681,820
2021-12-07,4684,1987
2021-12-07,4686,1779
2021-12-07,4687,984
2021-12-07,4689,7
2021-12-07,4694,1519
2021-12-07,4699,42
2021-12-07,4704,1581
2021-12-07,4708,794
2021-12-07,4709,821
2021-12-07,4714,306
2021-12-07,4716,1910
2021-12-07,4718,841
2021-12-07,4719,1596
2021-12-07,4722,1459
2021-12-07,4725,1070
2021-12-07,4726,1408
2021-12-07,4732,412
2021-12-07,4733,1672
2021-12-07,4739,1141
2021-12-07,4743,738
2021-12-07,4745,640
2021-12-07,4746,1707
2021-12-07,4751,41
2021-12-07,4755,40
2021-12-07,4763,1171
2021-12-07,4765,581
2021-12-07,4767,548
2021-12-07,4768,1498
2021-12-07,4771,1214
2021-12-07,4772,585
2021-12-07,4776,1174
2021-12-07,4781,907
2021-12-07,4792,924
2021-12-07,4800,859
2021-12-07,4801,1318
2021-12-07,4809,1072
2021-12-07,4812,1544
2021-12-07,4813,753
2021-12-07,4816,1967
2021-12-07,4819,1703
2021-12-07,4820,754
2021-12-07,4825,1169
2021-12-07,4826,805
2021-12-07,4828,1538
2021-12-07,4832,1134
2021-12-07,4837,498
2021-12-07,4839,1154
2021-12-07,4847,701
2021-12-07,4848,1420
2021-12-07,4849,1369
2021-12-07,4880,510
2021-12-07,4883,612
2021-12-07,4901,1093
2021-12-07,4902,26
2021-12-07,4911,1113
2021-12-07,4912,222
2021-12-07,4914,1370
2021-12-07,4917,898
2021-12-07,4919,1728
2021-12-07,4921,1238
2021-12-07,4922,1956
2021-12-07,4923,1040
2021-12-07,4927,875
2021-12-07,4928,1741
2021-12-07,4931,939
2021-12-07,4933,1559
2021-12-07,4934,1938
2021-12-07,4951,1000
2021-12-07,4955,938
2021-12-07,4956,1076
2021-12-07,4958,1398
2021-12-07,4963,752
2021-12-07,4966,1706
2021-12-07,4967,1890
2021-12-07,4968,931
2021-12-07,4970,1982
2021-12-07,4971,1512
2021-12-07,4973,1344
2021-12-07,4974,1188
2021-12-07,4975,1642
2021-12-07,4978,117
2021-12-07,4980,981
2021-12-07,4985,1894
2021-12-07,4992,608
2021-12-07,4994,1454
2021-12-07,4996,586
2021-12-07,4997,537
2021-12-07,4998,934
2021-12-07,5008,1359
2021-12-07,5011,779
2021-12-07,5013,897
2021-12-07,5015,1017
2021-12-07,5017,349
2021-12-07,5019,506
2021-12-07,5020,10
2021-12-07,5021,872
2021-12-07,5101,797
2021-12-07,5105,685
2021-12-07,5108,433
2021-12-07,5110,371
2021-12-07,5121,582
2021-12-07,5122,1575
2021-12-07,5142,961
2021-12-07,5161,1009
2021-12-07,5184,1128
2021-12-07,5185,856
2021-12-07,5186,1307
2021-12-07,5191,665
2021-12-07,5192,1156
2021-12-07,5195,742
2021-12-07,5201,1005
2021-12-07,5202,223
2021-12-07,5208,731
2021-12-07,5214,473
2021-12-07,5217,1993
2021-12-07,5218,759
2021-12-07,5232,1298
2021-12-07,5233,869
2021-12-07,5261,1630
2021-12-07,5262,751
2021-12-07,5269,551
2021-12-07,5273,1853
2021-12-07,5288,626
2021-12-07,5290,1455
2021-12-07,5301,196
2021-12-07,5302,1644
2021-12-07,5304,1847
2021-12-07,5310,1426
2021-12-07,5331,1710
2021-12-07,5332,1525
2021-12-07,5333,361
2021-12-07,5334,350
2021-12-07,5344,1944
2021-12-07,5351,1534
2021-12-07,5352,1640
2021-12-07,5357,936
2021-12-07,5384,1870
2021-12-07,5388,933
2021-12-07,5393,1278
2021-12-07,5401,21
2021-12-07,5406,31
2021-12-07,5408,419
2021-12-07,5410,965
2021-12-07,5411,24
2021-12-07,5423,178
2021-12-07,5440,942
2021-12-07,5444,1537
2021-12-07,5449,785
2021-12-07,5451,1293
2021-12-07,5463,1222
2021-12-07,5464,1394
2021-12-07,5471,1539
2021-12-07,5480,1159
2021-12-07,5481,1028
2021-12-07,5482,1338
2021-12-07,5486,0
2021-12-07,5541,954
2021-12-07,5563,148
2021-12-07,5602,1063
2021-12-07,5631,1217
2021-12-07,5632,682
2021-12-07,5659,1666
2021-12-07,5698,1101
2021-12-07,5702,531
2021-12-07,5703,836
2021-12-07,5706,957
2021-12-07,5707,1059
2021-12-07,5711,606
2021-12-07,5713,651
2021-12-07,5714,1513
2021-12-07,5715,916
2021-12-07,5726,556
2021-12-07,5727,676
2021-12-07,5741,1155
2021-12-07,5757,1467
2021-12-07,5801,909
2021-12-07,5802,102
2021-12-07,5803,127
2021-12-07,5805,1125
2021-12-07,5807,1403
2021-12-07,5809,480
2021-12-07,5821,921
2021-12-07,5851,746
2021-12-07,5857,896
2021-12-07,5901,448
2021-12-07,5902,1038
2021-12-07,5909,863
2021-12-07,5911,1180
2021-12-07,5918,1179
2021-12-07,5929,649
2021-12-07,5930,810
2021-12-07,5932,632
2021-12-07,5933,843
2021-12-07,5938,418
2021-12-07,5943,1051
2021-12-07,5945,1393
2021-12-07,5946,1196
2021-12-07,5947,1918
2021-12-07,5949,529
2021-12-07,5951,788
2021-12-07,5957,707
2021-12-07,5959,693
2021-12-07,5970,995
2021-12-07,5975,857
2021-12-07,5976,645
2021-12-07,5982,1233
2021-12-07,5985,639
2021-12-07,5988,1096
2021-12-07,5989,729
2021-12-07,5991,444
2021-12-07,5992,815
2021-12-07,5999,1201
2021-12-07,6005,1554
2021-12-07,6013,937
2021-12-07,6023,680
2021-12-07,6027,1888
2021-12-07,6028,1303
2021-12-07,6030,1820
2021-12-07,6035,1943
2021-12-07,6036,1339
2021-12-07,6047,692
2021-12-07,6050,1542
2021-12-07,6055,876
2021-12-07,6058,690
2021-12-07,6062,1061
2021-12-07,6067,1473
2021-12-07,6070,978
2021-12-07,6071,795
2021-12-07,6073,1098
2021-12-07,6078,1205
2021-12-07,6080,1865
2021-12-07,6082,949
2021-12-07,6088,1284
2021-12-07,6089,970
2021-12-07,6094,1112
2021-12-07,6095,1268
2021-12-07,6098,47
2021-12-07,6099,920
2021-12-07,6101,627
2021-12-07,6103,1692
2021-12-07,6104,1137
2021-12-07,6113,240
2021-12-07,6118,783
2021-12-07,6125,1731
2021-12-07,6134,1133
2021-12-07,6135,1517
2021-12-07,6136,596
2021-12-07,6140,568
2021-12-07,6141,611
2021-12-07,6143,669
2021-12-07,6144,993
2021-12-07,6145,1480
2021-12-07,6146,1994
2021-12-07,6149,1456
2021-12-07,6151,1046
2021-12-07,6157,1044
2021-12-07,6178,8
2021-12-07,6182,584
2021-12-07,6183,800
2021-12-07,6184,571
2021-12-07,6191,1053
2021-12-07,6194,1333
2021-12-07,6196,1686
2021-12-07,6197,908
2021-12-07,6199,1083
2021-12-07,6200,1241
2021-12-07,6201,1862
2021-12-07,6222,1132
2021-12-07,6232,1039
2021-12-07,6235,1226
2021-12-07,6237,868
2021-12-07,6238,844
2021-12-07,6240,405
2021-12-07,6245,1319
2021-12-07,6246,971
2021-12-07,6247,814
2021-12-07,6250,956
2021-12-07,6254,1623
2021-12-07,6257,842
2021-12-07,6258,1824
2021-12-07,6264,1250
2021-12-07,6266,1058
2021-12-07,6268,252
2021-12-07,6269,974
2021-12-07,6272,960
2021-12-07,6273,1997
2021-12-07,6277,1421
2021-12-07,6278,1584
2021-12-07,6279,825
2021-12-07,6282,1077
2021-12-07,6284,1510
2021-12-07,6287,1235
2021-12-07,6289,1758
2021-12-07,6293,671
2021-12-07,6301,109
2021-12-07,6302,1122
2021-12-07,6305,1364
2021-12-07,6306,492
2021-12-07,6309,533
2021-12-07,6310,834
2021-12-07,6315,1189
2021-12-07,6323,1203
2021-12-07,6324,1605
2021-12-07,6326,202
2021-12-07,6328,1375
2021-12-07,6330,452
2021-12-07,6331,1356
2021-12-07,6332,734
2021-12-07,6333,887
2021-12-07,6339,515
2021-12-07,6340,1526
2021-12-07,6345,562
2021-12-07,6349,399
2021-12-07,6351,803
2021-12-07,6357,545
2021-12-07,6361,1848
2021-12-07,6363,624
2021-12-07,6364,657
2021-12-07,6365,1679
2021-12-07,6366,146
2021-12-07,6367,56
2021-12-07,6368,1935
2021-12-07,6369,1416
2021-12-07,6370,1815
2021-12-07,6371,1503
2021-12-07,6376,569
2021-12-07,6378,532
2021-12-07,6379,712
2021-12-07,6381,518
2021-12-07,6382,614
2021-12-07,6383,1818
2021-12-07,6387,1556
2021-12-07,6395,451
2021-12-07,6406,1264
2021-12-07,6407,1067
2021-12-07,6409,1073
2021-12-07,6411,1923
2021-12-07,6412,1045
2021-12-07,6413,1121
2021-12-07,6417,1424
2021-12-07,6418,437
2021-12-07,6419,1035
2021-12-07,6420,1780
2021-12-07,6425,1282
2021-12-07,6430,774
2021-12-07,6432,1415
2021-12-07,6436,1418
2021-12-07,6440,696
2021-12-07,6444,330
2021-12-07,6448,732
2021-12-07,6454,1094
2021-12-07,6455,840
2021-12-07,6457,1225
2021-12-07,6458,1135
2021-12-07,6459,769
2021-12-07,6460,455
2021-12-07,6462,1371
2021-12-07,6463,895
2021-12-07,6464,735
2021-12-07,6465,1919
2021-12-07,6470,553
2021-12-07,6471,35
2021-12-07,6472,32
2021-12-07,6473,275
2021-12-07,6474,195
2021-12-07,6479,878
2021-12-07,6480,377
2021-12-07,6481,274
2021-12-07,6482,546
2021-12-07,6484,1139
2021-12-07,6485,679
2021-12-07,6486,694
2021-12-07,6490,1582
2021-12-07,6498,511
2021-12-07,6501,395
2021-12-07,6502,1086
2021-12-07,6503,67
2021-12-07,6504,1772
2021-12-07,6506,1523
2021-12-07,6507,579
2021-12-07,6508,1377
2021-12-07,6516,1915
2021-12-07,6517,885
2021-12-07,6532,86
2021-12-07,6533,1653
2021-12-07,6535,723
2021-12-07,6538,661
2021-12-07,6539,652
2021-12-07,6544,1161
2021-12-07,6556,829
2021-12-07,6564,1688
2021-12-07,6565,796
2021-12-07,6566,631
2021-12-07,6569,570
2021-12-07,6571,1060
2021-12-07,6572,290
2021-12-07,6580,1546
2021-12-07,6584,494
2021-12-07,6586,1739
2021-12-07,6588,1792
2021-12-07,6590,1901
2021-12-07,6592,1670
2021-12-07,6594,308
2021-12-07,6612,1771
2021-12-07,6616,1617
2021-12-07,6617,838
2021-12-07,6619,159
2021-12-07,6620,717
2021-12-07,6622,1788
2021-12-07,6625,300
2021-12-07,6626,1770
2021-12-07,6627,1230
2021-12-07,6629,316
2021-12-07,6630,232
2021-12-07,6632,98
2021-12-07,6637,719
2021-12-07,6638,610
2021-12-07,6640,1145
2021-12-07,6641,846
2021-12-07,6644,359
2021-12-07,6645,1211
2021-12-07,6651,932
2021-12-07,6652,1438
2021-12-07,6653,763
2021-12-07,6668,1221
2021-12-07,6670,536
2021-12-07,6674,886
2021-12-07,6676,1754
2021-12-07,6701,1425
2021-12-07,6702,78
2021-12-07,6703,441
2021-12-07,6706,1441
2021-12-07,6707,1914
2021-12-07,6718,1240
2021-12-07,6723,28
2021-12-07,6724,257
2021-12-07,6727,262
2021-12-07,6728,1886
2021-12-07,6736,1431
2021-12-07,6737,1748
2021-12-07,6740,50
2021-12-07,6741,605
2021-12-07,6742,431
2021-12-07,6744,1198
2021-12-07,6745,817
2021-12-07,6750,740
2021-12-07,6752,23
2021-12-07,6753,141
2021-12-07,6754,327
2021-12-07,6755,1234
2021-12-07,6758,55
2021-12-07,6762,519
2021-12-07,6768,205
2021-12-07,6769,706
2021-12-07,6770,147
2021-12-07,6777,1048
2021-12-07,6779,911
2021-12-07,6787,1628
2021-12-07,6788,1646
2021-12-07,6789,1434
2021-12-07,6794,499
2021-12-07,6798,1401
2021-12-07,6800,1486
2021-12-07,6804,522
2021-12-07,6806,95
2021-12-07,6807,948
2021-12-07,6809,564
2021-12-07,6810,786
2021-12-07,6814,756
2021-12-07,6815,1652
2021-12-07,6817,722
2021-12-07,6820,1308
2021-12-07,6823,1231
2021-12-07,6824,1220
2021-12-07,6832,1433
2021-12-07,6834,1095
2021-12-07,6841,749
2021-12-07,6844,1681
2021-12-07,6845,1844
2021-12-07,6848,621
2021-12-07,6849,1564
2021-12-07,6850,973
2021-12-07,6855,910
2021-12-07,6856,1895
2021-12-07,6857,787
2021-12-07,6859,1204
2021-12-07,6861,1992
2021-12-07,6866,1902
2021-12-07,6869,408
2021-12-07,6871,947
2021-12-07,6875,1851
2021-12-07,6877,1604
2021-12-07,6879,481
2021-12-07,6881,363
2021-12-07,6882,662
2021-12-07,6890,453
2021-12-07,6902,1507
2021-12-07,6904,691
2021-12-07,6905,925
2021-12-07,6908,1850
2021-12-07,6912,687
2021-12-07,6914,881
2021-12-07,6915,1332
2021-12-07,6918,1392
2021-12-07,6920,14
2021-12-07,6923,1206
2021-12-07,6924,1352
2021-12-07,6925,1011
2021-12-07,6929,1511
2021-12-07,6932,604
2021-12-07,6937,809
2021-12-07,6938,432
2021-12-07,6941,1260
2021-12-07,6947,1704
2021-12-07,6951,1735
2021-12-07,6952,105
2021-12-07,6954,62
2021-12-07,6955,520
2021-12-07,6957,1920
2021-12-07,6958,434
2021-12-07,6960,1897
2021-12-07,6961,1292
2021-12-07,6962,1285
2021-12-07,6963,1485
2021-12-07,6965,1916
2021-12-07,6966,1629
2021-12-07,6967,1461
2021-12-07,6971,1614
2021-12-07,6976,966
2021-12-07,6981,331
2021-12-07,6986,504
2021-12-07,6988,1757
2021-12-07,6994,491
2021-12-07,6995,862
2021-12-07,6996,517
2021-12-07,6997,959
2021-12-07,6999,600
2021-12-07,7003,112
2021-12-07,7004,160
2021-12-07,7011,387
2021-12-07,7012,286
2021-12-07,7013,495
2021-12-07,7030,922
2021-12-07,7033,1509
2021-12-07,7036,1726
2021-12-07,7047,650
2021-12-07,7048,303
2021-12-07,7060,1165
2021-12-07,7061,1306
2021-12-07,7065,1343
2021-12-07,7071,1752
2021-12-07,7082,1496
2021-12-07,7085,485
2021-12-07,7088,615
2021-12-07,7089,1597
2021-12-07,7092,1382
2021-12-07,7094,1805
2021-12-07,7095,1789
2021-12-07,7102,1199
2021-12-07,7105,698
2021-12-07,7148,307
2021-12-07,7157,590
2021-12-07,7164,1863
2021-12-07,7167,43
2021-12-07,7169,778
2021-12-07,7172,635
2021-12-07,7173,845
2021-12-07,7177,406
2021-12-07,7180,239
2021-12-07,7181,229
2021-12-07,7182,63
2021-12-07,7184,366
2021-12-07,7186,71
2021-12-07,7187,678
2021-12-07,7189,357
2021-12-07,7191,559
2021-12-07,7192,724
2021-12-07,7198,450
2021-12-07,7199,1599
2021-12-07,7201,38
2021-12-07,7202,119
2021-12-07,7203,9
2021-12-07,7205,149
2021-12-07,7211,11
2021-12-07,7220,1024
2021-12-07,7222,524
2021-12-07,7224,538
2021-12-07,7226,852
2021-12-07,7229,1029
2021-12-07,7231,715
2021-12-07,7236,1600
2021-12-07,7238,150
2021-12-07,7239,589
2021-12-07,7240,658
2021-12-07,7241,279
2021-12-07,7242,1502
2021-12-07,7244,413
2021-12-07,7245,459
2021-12-07,7246,217
2021-12-07,7250,664
2021-12-07,7254,396
2021-12-07,7259,1566
2021-12-07,7261,75
2021-12-07,7267,97
2021-12-07,7269,1316
2021-12-07,7270,155
2021-12-07,7272,762
2021-12-07,7276,1921
2021-12-07,7278,976
2021-12-07,7279,417
2021-12-07,7280,386
2021-12-07,7282,1065
2021-12-07,7283,552
2021-12-07,7287,686
2021-12-07,7292,1395
2021-12-07,7294,720
2021-12-07,7296,870
2021-12-07,7298,428
2021-12-07,7309,77
2021-12-07,7313,656
2021-12-07,7315,470
2021-12-07,7322,871
2021-12-07,7326,711
2021-12-07,7327,1289
2021-12-07,7337,346
2021-12-07,7339,1248
2021-12-07,7342,1489
2021-12-07,7351,1414
2021-12-07,7354,1613
2021-12-07,7358,1573
2021-12-07,7408,580
2021-12-07,7412,430
2021-12-07,7414,935
2021-12-07,7419,1185
2021-12-07,7420,360
2021-12-07,7421,858
2021-12-07,7433,1261
2021-12-07,7438,666
2021-12-07,7445,549
2021-12-07,7447,1312
2021-12-07,7451,1405
2021-12-07,7453,144
2021-12-07,7456,1390
2021-12-07,7458,1649
2021-12-07,7459,699
2021-12-07,7463,648
2021-12-07,7466,883
2021-12-07,7467,1162
2021-12-07,7475,1263
2021-12-07,7476,768
2021-12-07,7480,1036
2021-12-07,7482,710
2021-12-07,7483,941
2021-12-07,7487,1173
2021-12-07,7500,1873
2021-12-07,7504,988
2021-12-07,7508,903
2021-12-07,7510,913
2021-12-07,7512,854
2021-12-07,7513,344
2021-12-07,7516,1595
2021-12-07,7518,1373
2021-12-07,7520,1100
2021-12-07,7522,550
2021-12-07,7532,269
2021-12-07,7537,563
2021-12-07,7545,748
2021-12-07,7550,1252
2021-12-07,7552,917
2021-12-07,7554,905
2021-12-07,7564,1859
2021-12-07,7570,1170
2021-12-07,7575,528
2021-12-07,7581,1349
2021-12-07,7593,277
2021-12-07,7595,1482
2021-12-07,7596,1172
2021-12-07,7599,338
2021-12-07,7600,1208
2021-12-07,7605,319
2021-12-07,7606,998
2021-12-07,7607,1130
2021-12-07,7609,1216
2021-12-07,7611,962
2021-12-07,7613,789
2021-12-07,7616,655
2021-12-07,7618,379
2021-12-07,7621,1592
2021-12-07,7628,918
2021-12-07,7630,1836
2021-12-07,7636,929
2021-12-07,7637,1228
2021-12-07,7638,726
2021-12-07,7649,1891
2021-12-07,7679,1151
2021-12-07,7683,1540
2021-12-07,7685,1804
2021-12-07,7701,1721
2021-12-07,7702,476
2021-12-07,7705,1552
2021-12-07,7715,982
2021-12-07,7716,1148
2021-12-07,7717,1576
2021-12-07,7718,884
2021-12-07,7721,684
2021-12-07,7723,1856
2021-12-07,7725,1258
2021-12-07,7726,1187
2021-12-07,7729,1743
2021-12-07,7730,781
2021-12-07,7731,94
2021-12-07,7732,833
2021-12-07,7733,99
2021-12-07,7734,1924
2021-12-07,7735,1315
2021-12-07,7739,940
2021-12-07,7740,1436
2021-12-07,7741,79
2021-12-07,7744,1259
2021-12-07,7745,628
2021-12-07,7747,1007
2021-12-07,7749,1475
2021-12-07,7751,84
2021-12-07,7752,64
2021-12-07,7762,121
2021-12-07,7774,497
2021-12-07,7775,487
2021-12-07,7777,114
2021-12-07,7779,236
2021-12-07,7780,1621
2021-12-07,7803,1052
2021-12-07,7806,828
2021-12-07,7809,1941
2021-12-07,7814,365
2021-12-07,7816,388
2021-12-07,7817,1120
2021-12-07,7818,633
2021-12-07,7820,730
2021-12-07,7821,1676
2021-12-07,7823,505
2021-12-07,7826,1567
2021-12-07,7832,1664
2021-12-07,7839,1885
2021-12-07,7840,609
2021-12-07,7844,449
2021-12-07,7846,1775
2021-12-07,7856,329
2021-12-07,7860,943
2021-12-07,7864,1150
2021-12-07,7867,540
2021-12-07,7868,381
2021-12-07,7874,482
2021-12-07,7879,343
2021-12-07,7893,697
2021-12-07,7905,1207
2021-12-07,7906,541
2021-12-07,7911,496
2021-12-07,7912,1003
2021-12-07,7914,1505
2021-12-07,7915,923
2021-12-07,7917,1631
2021-12-07,7921,503
2021-12-07,7925,804
2021-12-07,7931,1030
2021-12-07,7936,1091
2021-12-07,7937,1291
2021-12-07,7942,991
2021-12-07,7943,1547
2021-12-07,7944,1737
2021-12-07,7947,1709
2021-12-07,7949,1160
2021-12-07,7951,1777
2021-12-07,7952,1565
2021-12-07,7955,456
2021-12-07,7956,215
2021-12-07,7958,1368
2021-12-07,7962,629
2021-12-07,7965,1287
2021-12-07,7966,1385
2021-12-07,7970,593
2021-12-07,7972,376
2021-12-07,7974,1718
2021-12-07,7976,718
2021-12-07,7979,1212
2021-12-07,7981,847
2021-12-07,7984,900
2021-12-07,7987,445
2021-12-07,7988,1551
2021-12-07,7989,772
2021-12-07,7990,1569
2021-12-07,7994,646
2021-12-07,7995,1411
2021-12-07,8001,248
2021-12-07,8002,34
2021-12-07,8005,333
2021-12-07,8008,912
2021-12-07,8012,964
2021-12-07,8014,1043
2021-12-07,8015,1638
2021-12-07,8016,207
2021-12-07,8018,461
2021-12-07,8020,674
2021-12-07,8022,1366
2021-12-07,8031,106
2021-12-07,8032,1909
2021-12-07,8035,1983
2021-12-07,8037,372
2021-12-07,8038,1974
2021-12-07,8041,1561
2021-12-07,8043,1023
2021-12-07,8050,1445
2021-12-07,8051,401
2021-12-07,8052,1911
2021-12-07,8053,111
2021-12-07,8056,1790
2021-12-07,8057,1940
2021-12-07,8058,197
2021-12-07,8059,1954
2021-12-07,8060,1277
2021-12-07,8061,855
2021-12-07,8065,509
2021-12-07,8066,1016
2021-12-07,8068,1325
2021-12-07,8070,309
2021-12-07,8074,1661
2021-12-07,8075,1782
2021-12-07,8078,1753
2021-12-07,8079,1698
2021-12-07,8081,436
2021-12-07,8084,1006
2021-12-07,8086,354
2021-12-07,8088,1966
2021-12-07,8089,985
2021-12-07,8093,1495
2021-12-07,8095,163
2021-12-07,8096,1887
2021-12-07,8097,543
2021-12-07,8098,801
2021-12-07,8101,384
2021-12-07,8103,268
2021-12-07,8111,1971
2021-12-07,8113,1830
2021-12-07,8114,1942
2021-12-07,8117,1647
2021-12-07,8125,427
2021-12-07,8129,915
2021-12-07,8130,831
2021-12-07,8131,587
2021-12-07,8132,1842
2021-12-07,8133,367
2021-12-07,8136,1483
2021-12-07,8137,906
2021-12-07,8140,1324
2021-12-07,8141,352
2021-12-07,8150,737
2021-12-07,8151,463
2021-12-07,8153,1730
2021-12-07,8154,1717
2021-12-07,8155,1334
2021-12-07,8157,1004
2021-12-07,8158,264
2021-12-07,8159,818
2021-12-07,8160,1279
2021-12-07,8163,293
2021-12-07,8165,206
2021-12-07,8167,578
2021-12-07,8168,315
2021-12-07,8173,1280
2021-12-07,8174,573
2021-12-07,8179,972
2021-12-07,8182,636
2021-12-07,8185,296
2021-12-07,8194,1814
2021-12-07,8198,1578
2021-12-07,8200,1310
2021-12-07,8202,120
2021-12-07,8203,233
2021-12-07,8214,256
2021-12-07,8217,348
2021-12-07,8218,1469
2021-12-07,8219,211
2021-12-07,8227,1973
2021-12-07,8233,172
2021-12-07,8237,341
2021-12-07,8242,273
2021-12-07,8244,1553
2021-12-07,8249,501
2021-12-07,8252,893
2021-12-07,8253,281
2021-12-07,8255,1807
2021-12-07,8267,839
2021-12-07,8273,1769
2021-12-07,8275,435
2021-12-07,8276,1107
2021-12-07,8278,1152
2021-12-07,8279,1978
2021-12-07,8281,351
2021-12-07,8282,245
2021-12-07,8283,1946
2021-12-07,8285,194
2021-12-07,8289,284
2021-12-07,8291,182
2021-12-07,8303,198
2021-12-07,8304,1270
2021-12-07,8306,5
2021-12-07,8308,22
2021-12-07,8309,1516
2021-12-07,8316,82
2021-12-07,8331,108
2021-12-07,8334,107
2021-12-07,8336,792
2021-12-07,8337,175
2021-12-07,8338,151
2021-12-07,8341,458
2021-12-07,8343,733
2021-12-07,8344,326
2021-12-07,8345,899
2021-12-07,8346,152
2021-12-07,8354,770
2021-12-07,8355,154
2021-12-07,8358,93
2021-12-07,8359,124
2021-12-07,8360,318
2021-12-07,8361,1068
2021-12-07,8362,705
2021-12-07,8364,822
2021-12-07,8366,979
2021-12-07,8367,1049
2021-12-07,8368,168
2021-12-07,8369,1945
2021-12-07,8370,643
2021-12-07,8377,276
2021-12-07,8381,221
2021-12-07,8382,280
2021-12-07,8385,200
2021-12-07,8386,576
2021-12-07,8387,288
2021-12-07,8388,1244
2021-12-07,8392,1013
2021-12-07,8393,1183
2021-12-07,8395,681
2021-12-07,8399,291
2021-12-07,8410,52
2021-12-07,8411,36
2021-12-07,8418,187
2021-12-07,8424,1981
2021-12-07,8425,1722
2021-12-07,8439,1969
2021-12-07,8473,1391
2021-12-07,8508,192
2021-12-07,8511,313
2021-12-07,8515,72
2021-12-07,8522,1253
2021-12-07,8524,145
2021-12-07,8527,1867
2021-12-07,8530,583
2021-12-07,8541,302
2021-12-07,8544,201
2021-12-07,8550,162
2021-12-07,8558,226
2021-12-07,8566,1871
2021-12-07,8570,383
2021-12-07,8572,39
2021-12-07,8584,1607
2021-12-07,8585,48
2021-12-07,8591,185
2021-12-07,8593,68
2021-12-07,8595,1980
2021-12-07,8596,260
2021-12-07,8600,169
2021-12-07,8601,51
2021-12-07,8604,13
2021-12-07,8609,183
2021-12-07,8613,177
2021-12-07,8616,142
2021-12-07,8622,184
2021-12-07,8624,253
2021-12-07,8628,210
2021-12-07,8630,1896
2021-12-07,8697,599
2021-12-07,8698,29
2021-12-07,8699,467
2021-12-07,8706,304
2021-12-07,8707,613
2021-12-07,8708,409
2021-12-07,8713,542
2021-12-07,8714,70
2021-12-07,8715,285
2021-12-07,8725,1487
2021-12-07,8739,170
2021-12-07,8750,156
2021-12-07,8766,1874
2021-12-07,8771,1444
2021-12-07,8772,289
2021-12-07,8793,1175
2021-12-07,8795,89
2021-12-07,8798,404
2021-12-07,8801,336
2021-12-07,8802,133
2021-12-07,8803,1803
2021-12-07,8804,513
2021-12-07,8806,1989
2021-12-07,8818,630
2021-12-07,8830,1611
2021-12-07,8841,247
2021-12-07,8842,1926
2021-12-07,8844,213
2021-12-07,8848,128
2021-12-07,8850,1530
2021-12-07,8860,282
2021-12-07,8864,242
2021-12-07,8869,261
2021-12-07,8871,758
2021-12-07,8876,1229
2021-12-07,8877,891
2021-12-07,8881,220
2021-12-07,8890,212
2021-12-07,8892,272
2021-12-07,8897,143
2021-12-07,8905,700
2021-12-07,8909,462
2021-12-07,8914,864
2021-12-07,8917,362
2021-12-07,8919,1936
2021-12-07,8920,963
2021-12-07,8923,216
2021-12-07,8925,103
2021-12-07,8928,1163
2021-12-07,8929,601
2021-12-07,8934,390
2021-12-07,8935,416
2021-12-07,8999,230
2021-12-07,9001,1396
2021-12-07,9003,1143
2021-12-07,9005,320
2021-12-07,9006,297
2021-12-07,9007,950
2021-12-07,9008,1951
2021-12-07,9009,1654
2021-12-07,9010,1937
2021-12-07,9014,1223
2021-12-07,9020,1663
2021-12-07,9021,1691
2021-12-07,9022,228
2021-12-07,9024,171
2021-12-07,9025,474
2021-12-07,9028,475
2021-12-07,9031,1558
2021-12-07,9033,328
2021-12-07,9037,1713
2021-12-07,9039,1929
2021-12-07,9041,1619
2021-12-07,9042,1684
2021-12-07,9044,1193
2021-12-07,9045,1374
2021-12-07,9046,1806
2021-12-07,9048,530
2021-12-07,9052,1164
2021-12-07,9055,391
2021-12-07,9057,1492
2021-12-07,9058,1976
2021-12-07,9064,980
2021-12-07,9065,1939
2021-12-07,9066,919
2021-12-07,9068,1781
2021-12-07,9069,311
2021-12-07,9070,1799
2021-12-07,9072,1245
2021-12-07,9075,1903
2021-12-07,9076,415
2021-12-07,9081,1809
2021-12-07,9083,1768
2021-12-07,9086,1931
2021-12-07,9090,663
2021-12-07,9099,837
2021-12-07,9101,90
2021-12-07,9104,525
2021-12-07,9107,134
2021-12-07,9110,1633
2021-12-07,9115,244
2021-12-07,9119,179
2021-12-07,9142,848
2021-12-07,9143,1168
2021-12-07,9201,44
2021-12-07,9202,74
2021-12-07,9232,677
2021-12-07,9233,337
2021-12-07,9260,1796
2021-12-07,9267,1962
2021-12-07,9270,1521
2021-12-07,9273,267
2021-12-07,9274,115
2021-12-07,9278,421
2021-12-07,9279,1313
2021-12-07,9301,1615
2021-12-07,9302,1347
2021-12-07,9303,1008
2021-12-07,9304,1236
2021-12-07,9305,861
2021-12-07,9308,1127
2021-12-07,9310,249
2021-12-07,9319,407
2021-12-07,9324,394
2021-12-07,9364,1213
2021-12-07,9368,594
2021-12-07,9369,1084
2021-12-07,9375,1563
2021-12-07,9381,490
2021-12-07,9384,1110
2021-12-07,9386,1022
2021-12-07,9401,892
2021-12-07,9404,425
2021-12-07,9405,294
2021-12-07,9409,727
2021-12-07,9412,130
2021-12-07,9413,1254
2021-12-07,9414,502
2021-12-07,9416,574
2021-12-07,9418,1763
2021-12-07,9422,728
2021-12-07,9424,165
2021-12-07,9432,100
2021-12-07,9433,188
2021-12-07,9434,237
2021-12-07,9435,369
2021-12-07,9436,1961
2021-12-07,9438,243
2021-12-07,9441,1985
2021-12-07,9449,1627
2021-12-07,9450,516
2021-12-07,9467,1930
2021-12-07,9468,1970
2021-12-07,9470,364
2021-12-07,9474,374
2021-12-07,9501,20
2021-12-07,9502,88
2021-12-07,9503,123
2021-12-07,9504,157
2021-12-07,9505,173
2021-12-07,9506,37
2021-12-07,9507,214
2021-12-07,9508,126
2021-12-07,9509,164
2021-12-07,9511,638
2021-12-07,9513,345
2021-12-07,9517,1362
2021-12-07,9519,1813
2021-12-07,9531,334
2021-12-07,9532,403
2021-12-07,9533,1090
2021-12-07,9534,743
2021-12-07,9535,199
2021-12-07,9536,1300
2021-12-07,9537,1761
2021-12-07,9539,1783
2021-12-07,9543,402
2021-12-07,9551,1119
2021-12-07,9600,672
2021-12-07,9601,1922
2021-12-07,9602,1949
2021-12-07,9603,167
2021-12-07,9605,113
2021-12-07,9612,1711
2021-12-07,9613,353
2021-12-07,9616,1917
2021-12-07,9619,644
2021-12-07,9621,1504
2021-12-07,9622,375
2021-12-07,9627,1959
2021-12-07,9628,708
2021-12-07,9629,766
2021-12-07,9631,1964
2021-12-07,9632,1979
2021-12-07,9639,1953
2021-12-07,9640,1178
2021-12-07,9641,208
2021-12-07,9658,1071
2021-12-07,9661,1955
2021-12-07,9663,1948
2021-12-07,9672,1905
2021-12-07,9678,1479
2021-12-07,9682,1470
2021-12-07,9684,1965
2021-12-07,9687,1388
2021-12-07,9692,514
2021-12-07,9697,1025
2021-12-07,9699,1570
2021-12-07,9706,1932
2021-12-07,9708,1118
2021-12-07,9715,1742
2021-12-07,9716,378
2021-12-07,9717,263
2021-12-07,9719,1114
2021-12-07,9722,1376
2021-12-07,9726,702
2021-12-07,9728,1635
2021-12-07,9729,1246
2021-12-07,9733,1986
2021-12-07,9735,1968
2021-12-07,9739,1432
2021-12-07,9740,1466
2021-12-07,9742,725
2021-12-07,9743,321
2021-12-07,9744,1975
2021-12-07,9746,1810
2021-12-07,9749,1957
2021-12-07,9755,1082
2021-12-07,9757,1535
2021-12-07,9759,1288
2021-12-07,9766,1952
2021-12-07,9769,739
2021-12-07,9783,1341
2021-12-07,9787,1882
2021-12-07,9788,393
2021-12-07,9790,1925
2021-12-07,9793,1958
2021-12-07,9795,1054
2021-12-07,9810,1947
2021-12-07,9823,1367
2021-12-07,9824,1899
2021-12-07,9828,1533
2021-12-07,9830,1587
2021-12-07,9831,15
2021-12-07,9832,544
2021-12-07,9837,241
2021-12-07,9842,894
2021-12-07,9843,136
2021-12-07,9850,410
2021-12-07,9856,422
2021-12-07,9861,1256
2021-12-07,9869,1766
2021-12-07,9873,1632
2021-12-07,9880,709
2021-12-07,9882,865
2021-12-07,9887,1843
2021-12-07,9889,1050
2021-12-07,9896,414
2021-12-07,9900,400
2021-12-07,9902,1353
2021-12-07,9903,1378
2021-12-07,9906,807
2021-12-07,9919,675
2021-12-07,9928,824
2021-12-07,9932,1402
2021-12-07,9934,1524
2021-12-07,9936,1972
2021-12-07,9945,1144
2021-12-07,9946,670
2021-12-07,9948,1272
2021-12-07,9955,1227
2021-12-07,9956,1314
2021-12-07,9960,1497
2021-12-07,9962,1933
2021-12-07,9974,1960
2021-12-07,9977,1690
2021-12-07,9979,392
2021-12-07,9982,1012
2021-12-07,9983,1996
2021-12-07,9984,17
2021-12-07,9987,1693
2021-12-07,9989,1618
2021-12-07,9990,238
2021-12-07,9991,317
2021-12-07,9993,975
2021-12-07,9994,1460
2021-12-07,9997,254
